Source,Target,Weight,,,,,,,,,
ANNALS OF APPLIED STATISTICS,ADVANCES IN APPLIED PROBABILITY,46,,,,,,,,,
ANNALS OF APPLIED STATISTICS,ADVANCES IN NEURAL INFORMATION PROCESSING SYSTEMS,150,,,,,,,,,
ANNALS OF APPLIED STATISTICS,AGING CELL,140,,,,,,,,,
ANNALS OF APPLIED STATISTICS,AMERICAN ECONOMIC REVIEW,92,,,,,,,,,
ANNALS OF APPLIED STATISTICS,AMERICAN JOURNAL OF EPIDEMIOLOGY,203,,,,,,,,,
ANNALS OF APPLIED STATISTICS,AMERICAN JOURNAL OF HUMAN GENETICS,283,,,,,,,,,
ANNALS OF APPLIED STATISTICS,AMERICAN JOURNAL OF PHYSIOLOGY. GASTROINTESTINAL AND LIVER PHYSIOLOGY,81,,,,,,,,,
ANNALS OF APPLIED STATISTICS,AMERICAN JOURNAL OF PUBLIC HEALTH,48,,,,,,,,,
ANNALS OF APPLIED STATISTICS,AMERICAN POLITICAL SCIENCE REVIEW,41,,,,,,,,,
ANNALS OF APPLIED STATISTICS,AMERICAN STATISTICIAN,189,,,,,,,,,
ANNALS OF APPLIED STATISTICS,ANALYTICAL CHEMISTRY,60,,,,,,,,,
ANNALS OF APPLIED STATISTICS,ANNALS OF INTERNAL MEDICINE,61,,,,,,,,,
ANNALS OF APPLIED STATISTICS,ANNALS OF MATHEMATICAL STATISTICS,206,,,,,,,,,
ANNALS OF APPLIED STATISTICS,ANNALS OF PROBABILITY,47,,,,,,,,,
ANNALS OF APPLIED STATISTICS,ANNALS OF THE INSTITUTE OF STATISTICAL MATHEMATICS,91,,,,,,,,,
ANNALS OF APPLIED STATISTICS,ARXIV,577,,,,,,,,,
ANNALS OF APPLIED STATISTICS,ASTRONOMICAL JOURNAL,58,,,,,,,,,
ANNALS OF APPLIED STATISTICS,ASTRONOMY AND ASTROPHYSICS,80,,,,,,,,,
ANNALS OF APPLIED STATISTICS,ASTROPHYSICAL JOURNAL,131,,,,,,,,,
ANNALS OF APPLIED STATISTICS,ATMOSPHERIC ENVIRONMENT,79,,,,,,,,,
ANNALS OF APPLIED STATISTICS,BAYESIAN ANALYSIS,386,,,,,,,,,
ANNALS OF APPLIED STATISTICS,BERNOULLI,148,,,,,,,,,
ANNALS OF APPLIED STATISTICS,BIOINFORMATICS,799,,,,,,,,,
ANNALS OF APPLIED STATISTICS,BIOMETRICAL JOURNAL,82,,,,,,,,,
ANNALS OF APPLIED STATISTICS,BIOMETRICS,1638,,,,,,,,,
ANNALS OF APPLIED STATISTICS,BIOMETRIKA,1687,,,,,,,,,
ANNALS OF APPLIED STATISTICS,BIOPHYSICAL JOURNAL,44,,,,,,,,,
ANNALS OF APPLIED STATISTICS,"BIOSTATISTICS (OXFORD, ENGLAND)",552,,,,,,,,,
ANNALS OF APPLIED STATISTICS,BLOOD,42,,,,,,,,,
ANNALS OF APPLIED STATISTICS,BMC BIOINFORMATICS,258,,,,,,,,,
ANNALS OF APPLIED STATISTICS,BMC GENOMICS,45,,,,,,,,,
ANNALS OF APPLIED STATISTICS,BULLETIN OF THE AMERICAN METEOROLOGICAL SOCIETY,52,,,,,,,,,
ANNALS OF APPLIED STATISTICS,CANADIAN JOURNAL OF STATISTICS-REVUE CANADIENNE DE STATISTIQUE,115,,,,,,,,,
ANNALS OF APPLIED STATISTICS,CANCER CELL,40,,,,,,,,,
ANNALS OF APPLIED STATISTICS,CANCER RESEARCH,78,,,,,,,,,
ANNALS OF APPLIED STATISTICS,CIRCULATION,42,,,,,,,,,
ANNALS OF APPLIED STATISTICS,CLIMATE DYNAMICS,44,,,,,,,,,
ANNALS OF APPLIED STATISTICS,CLINICAL CANCER RESEARCH,42,,,,,,,,,
ANNALS OF APPLIED STATISTICS,COMMUNICATIONS IN STATISTICS-THEORY AND METHODS,66,,,,,,,,,
ANNALS OF APPLIED STATISTICS,COMPUTATIONAL SOCIAL NETWORKS,75,,,,,,,,,
ANNALS OF APPLIED STATISTICS,COMPUTATIONAL STATISTICS,63,,,,,,,,,
ANNALS OF APPLIED STATISTICS,COMPUTATIONAL STATISTICS AND DATA ANALYSIS,420,,,,,,,,,
ANNALS OF APPLIED STATISTICS,CONFERENCE,297,,,,,,,,,
ANNALS OF APPLIED STATISTICS,CRITICAL REVIEWS IN SOLID STATE AND MATERIALS SCIENCES,55,,,,,,,,,
ANNALS OF APPLIED STATISTICS,CYTOGENETICS,192,,,,,,,,,
ANNALS OF APPLIED STATISTICS,DEMOGRAPHY,59,,,,,,,,,
ANNALS OF APPLIED STATISTICS,ECOLOGY,168,,,,,,,,,
ANNALS OF APPLIED STATISTICS,ECONOMETRICA,255,,,,,,,,,
ANNALS OF APPLIED STATISTICS,ELECTRONIC JOURNAL OF STATISTICS,219,,,,,,,,,
ANNALS OF APPLIED STATISTICS,ENVIRONMENTAL AND ECOLOGICAL STATISTICS,92,,,,,,,,,
ANNALS OF APPLIED STATISTICS,ENVIRONMENTAL HEALTH PERSPECTIVES,103,,,,,,,,,
ANNALS OF APPLIED STATISTICS,ENVIRONMENTAL SCIENCE AND TECHNOLOGY,41,,,,,,,,,
ANNALS OF APPLIED STATISTICS,"ENVIRONMETRICS (LONDON, ONT.)",262,,,,,,,,,
ANNALS OF APPLIED STATISTICS,"EPIDEMIOLOGY (CAMBRIDGE, MASS.)",203,,,,,,,,,
ANNALS OF APPLIED STATISTICS,FOUNDATIONS AND TRENDS IN MACHINE LEARNING,53,,,,,,,,,
ANNALS OF APPLIED STATISTICS,GENETIC EPIDEMIOLOGY,143,,,,,,,,,
ANNALS OF APPLIED STATISTICS,GENOME BIOLOGY,221,,,,,,,,,
ANNALS OF APPLIED STATISTICS,GENOME RESEARCH,124,,,,,,,,,
ANNALS OF APPLIED STATISTICS,GEOPHYSICAL RESEARCH LETTERS,108,,,,,,,,,
ANNALS OF APPLIED STATISTICS,HUMAN BRAIN MAPPING,105,,,,,,,,,
ANNALS OF APPLIED STATISTICS,IEEE TRANSACTIONS ON INFORMATION THEORY,81,,,,,,,,,
ANNALS OF APPLIED STATISTICS,IEEE TRANSACTIONS ON MEDICAL IMAGING,82,,,,,,,,,
ANNALS OF APPLIED STATISTICS,IEEE TRANSACTIONS ON NEURAL NETWORKS,45,,,,,,,,,
ANNALS OF APPLIED STATISTICS,IEEE TRANSACTIONS ON PATTERN ANALYSIS AND MACHINE INTELLIGENCE,182,,,,,,,,,
ANNALS OF APPLIED STATISTICS,IEEE TRANSACTIONS ON SIGNAL PROCESSING,67,,,,,,,,,
ANNALS OF APPLIED STATISTICS,INTERNATIONAL JOURNAL OF BIOSTATISTICS,47,,,,,,,,,
ANNALS OF APPLIED STATISTICS,INTERNATIONAL JOURNAL OF EPIDEMIOLOGY,69,,,,,,,,,
ANNALS OF APPLIED STATISTICS,INTERNATIONAL JOURNAL OF FORECASTING,75,,,,,,,,,
ANNALS OF APPLIED STATISTICS,INTERNATIONAL STATISTICAL REVIEW,119,,,,,,,,,
ANNALS OF APPLIED STATISTICS,JAMA-JOURNAL OF THE AMERICAN MEDICAL ASSOCIATION,120,,,,,,,,,
ANNALS OF APPLIED STATISTICS,JOURNAL OF AGRICULTURAL BIOLOGICAL AND ENVIRONMENTAL STATISTICS,174,,,,,,,,,
ANNALS OF APPLIED STATISTICS,JOURNAL OF APPLIED ECONOMETRICS,52,,,,,,,,,
ANNALS OF APPLIED STATISTICS,JOURNAL OF APPLIED PROBABILITY,42,,,,,,,,,
ANNALS OF APPLIED STATISTICS,JOURNAL OF APPLIED STATISTICS,81,,,,,,,,,
ANNALS OF APPLIED STATISTICS,JOURNAL OF BUSINESS AND ECONOMIC STATISTICS,156,,,,,,,,,
ANNALS OF APPLIED STATISTICS,JOURNAL OF CLASSIFICATION,81,,,,,,,,,
ANNALS OF APPLIED STATISTICS,JOURNAL OF CLIMATE,176,,,,,,,,,
ANNALS OF APPLIED STATISTICS,JOURNAL OF CLINICAL ONCOLOGY,68,,,,,,,,,
ANNALS OF APPLIED STATISTICS,JOURNAL OF COMPUTATIONAL AND GRAPHICAL STATISTICS,680,,,,,,,,,
ANNALS OF APPLIED STATISTICS,JOURNAL OF COMPUTATIONAL BIOLOGY,66,,,,,,,,,
ANNALS OF APPLIED STATISTICS,JOURNAL OF ECONOMETRICS,245,,,,,,,,,
ANNALS OF APPLIED STATISTICS,JOURNAL OF EDUCATIONAL AND BEHAVIORAL STATISTICS,83,,,,,,,,,
ANNALS OF APPLIED STATISTICS,JOURNAL OF EDUCATIONAL PSYCHOLOGY,51,,,,,,,,,
ANNALS OF APPLIED STATISTICS,JOURNAL OF EVOLUTIONARY ECONOMICS,44,,,,,,,,,
ANNALS OF APPLIED STATISTICS,JOURNAL OF FINANCE,70,,,,,,,,,
ANNALS OF APPLIED STATISTICS,JOURNAL OF FINANCIAL ECONOMICS,46,,,,,,,,,
ANNALS OF APPLIED STATISTICS,JOURNAL OF GEOPHYSICAL RESEARCH-ATMOSPHERES,79,,,,,,,,,
ANNALS OF APPLIED STATISTICS,JOURNAL OF HYDROLOGY,61,,,,,,,,,
ANNALS OF APPLIED STATISTICS,JOURNAL OF INFECTIOUS DISEASES,43,,,,,,,,,
ANNALS OF APPLIED STATISTICS,JOURNAL OF MACHINE LEARNING RESEARCH,507,,,,,,,,,
ANNALS OF APPLIED STATISTICS,JOURNAL OF MAMMALOGY,90,,,,,,,,,
ANNALS OF APPLIED STATISTICS,JOURNAL OF MULTIVARIATE ANALYSIS,230,,,,,,,,,
ANNALS OF APPLIED STATISTICS,JOURNAL OF NEUROPHYSIOLOGY,57,,,,,,,,,
ANNALS OF APPLIED STATISTICS,JOURNAL OF NEUROSCIENCE METHODS,42,,,,,,,,,
ANNALS OF APPLIED STATISTICS,JOURNAL OF OFFICIAL STATISTICS,90,,,,,,,,,
ANNALS OF APPLIED STATISTICS,JOURNAL OF QUALITY TECHNOLOGY,41,,,,,,,,,
ANNALS OF APPLIED STATISTICS,JOURNAL OF STATISTICAL COMPUTATION AND SIMULATION,62,,,,,,,,,
ANNALS OF APPLIED STATISTICS,JOURNAL OF STATISTICAL PLANNING AND INFERENCE,222,,,,,,,,,
ANNALS OF APPLIED STATISTICS,JOURNAL OF STATISTICAL SOFTWARE,295,,,,,,,,,
ANNALS OF APPLIED STATISTICS,JOURNAL OF THE AMERICAN STATISTICAL ASSOCIATION,4216,,,,,,,,,
ANNALS OF APPLIED STATISTICS,JOURNAL OF THE ROYAL SOCIETY INTERFACE,41,,,,,,,,,
ANNALS OF APPLIED STATISTICS,JOURNAL OF THE ROYAL STATISTICAL SOCIETY SERIES A-STATISTICS IN SOCIETY,278,,,,,,,,,
ANNALS OF APPLIED STATISTICS,JOURNAL OF THE ROYAL STATISTICAL SOCIETY SERIES B-STATISTICAL METHODOLOGY,2125,,,,,,,,,
ANNALS OF APPLIED STATISTICS,JOURNAL OF THE ROYAL STATISTICAL SOCIETY SERIES C-APPLIED STATISTICS,441,,,,,,,,,
ANNALS OF APPLIED STATISTICS,JOURNAL OF THEORETICAL BIOLOGY,43,,,,,,,,,
ANNALS OF APPLIED STATISTICS,JOURNAL OF TIME SERIES ANALYSIS,70,,,,,,,,,
ANNALS OF APPLIED STATISTICS,LANCET,178,,,,,,,,,
ANNALS OF APPLIED STATISTICS,LIFETIME DATA ANALYSIS,45,,,,,,,,,
ANNALS OF APPLIED STATISTICS,MACHINE LEARNING,183,,,,,,,,,
ANNALS OF APPLIED STATISTICS,MAGNETIC RESONANCE IN MEDICINE,74,,,,,,,,,
ANNALS OF APPLIED STATISTICS,MANAGEMENT SCIENCE,52,,,,,,,,,
ANNALS OF APPLIED STATISTICS,MANUAL,61,,,,,,,,,
ANNALS OF APPLIED STATISTICS,MARKETING SCIENCE,43,,,,,,,,,
ANNALS OF APPLIED STATISTICS,MATHEMATICAL BIOSCIENCES,40,,,,,,,,,
ANNALS OF APPLIED STATISTICS,METHODS IN ECOLOGY AND EVOLUTION,83,,,,,,,,,
ANNALS OF APPLIED STATISTICS,MOLECULAR BIOLOGY AND EVOLUTION,67,,,,,,,,,
ANNALS OF APPLIED STATISTICS,MONTHLY NOTICES OF THE ROYAL ASTRONOMICAL SOCIETY,104,,,,,,,,,
ANNALS OF APPLIED STATISTICS,MONTHLY WEATHER REVIEW,135,,,,,,,,,
ANNALS OF APPLIED STATISTICS,"NATURE (LONDON, UNITED KINGDOM)",712,,,,,,,,,
ANNALS OF APPLIED STATISTICS,NATURE BIOTECHNOLOGY,114,,,,,,,,,
ANNALS OF APPLIED STATISTICS,NATURE COMMUNICATIONS,110,,,,,,,,,
ANNALS OF APPLIED STATISTICS,NATURE GENETICS,372,,,,,,,,,
ANNALS OF APPLIED STATISTICS,NATURE MEDICINE,47,,,,,,,,,
ANNALS OF APPLIED STATISTICS,NATURE METHODS,217,,,,,,,,,
ANNALS OF APPLIED STATISTICS,NATURE NEUROSCIENCE,49,,,,,,,,,
ANNALS OF APPLIED STATISTICS,NATURE REVIEWS GENETICS,162,,,,,,,,,
ANNALS OF APPLIED STATISTICS,NATURE REVIEWS NEUROSCIENCE,41,,,,,,,,,
ANNALS OF APPLIED STATISTICS,NEURAL COMPUTATION,107,,,,,,,,,
ANNALS OF APPLIED STATISTICS,NEUROIMAGE,561,,,,,,,,,
ANNALS OF APPLIED STATISTICS,NEURON,71,,,,,,,,,
ANNALS OF APPLIED STATISTICS,"NEUROSCIENCE (AMSTERDAM, NETHERLANDS)",567,,,,,,,,,
ANNALS OF APPLIED STATISTICS,NEW ENGLAND JOURNAL OF MEDICINE,211,,,,,,,,,
ANNALS OF APPLIED STATISTICS,NUCLEIC ACIDS RESEARCH,253,,,,,,,,,
ANNALS OF APPLIED STATISTICS,PATTERN RECOGNITION,44,,,,,,,,,
ANNALS OF APPLIED STATISTICS,PHILOSOPHICAL TRANSACTIONS OF THE ROYAL SOCIETY B-BIOLOGICAL SCIENCES,49,,,,,,,,,
ANNALS OF APPLIED STATISTICS,PHYSICAL REVIEW E,84,,,,,,,,,
ANNALS OF APPLIED STATISTICS,PHYSICAL REVIEW LETTERS,64,,,,,,,,,
ANNALS OF APPLIED STATISTICS,PLOS BIOLOGY,44,,,,,,,,,
ANNALS OF APPLIED STATISTICS,PLOS COMPUTATIONAL BIOLOGY,155,,,,,,,,,
ANNALS OF APPLIED STATISTICS,PLOS GENETICS,172,,,,,,,,,
ANNALS OF APPLIED STATISTICS,PLOS MEDICINE,62,,,,,,,,,
ANNALS OF APPLIED STATISTICS,PLOS ONE,448,,,,,,,,,
ANNALS OF APPLIED STATISTICS,POLITICAL ANALYSIS,73,,,,,,,,,
ANNALS OF APPLIED STATISTICS,PREPRINT,218,,,,,,,,,
ANNALS OF APPLIED STATISTICS,PROCEEDING,1682,,,,,,,,,
ANNALS OF APPLIED STATISTICS,PSYCHOLOGICAL METHODS,70,,,,,,,,,
ANNALS OF APPLIED STATISTICS,PSYCHOMETRIKA,178,,,,,,,,,
ANNALS OF APPLIED STATISTICS,QUARTERLY JOURNAL OF THE ROYAL METEOROLOGICAL SOCIETY,48,,,,,,,,,
ANNALS OF APPLIED STATISTICS,R PACKAGE,182,,,,,,,,,
ANNALS OF APPLIED STATISTICS,REMOTE SENSING OF ENVIRONMENT,45,,,,,,,,,
ANNALS OF APPLIED STATISTICS,REPORT,510,,,,,,,,,
ANNALS OF APPLIED STATISTICS,REVIEW OF ECONOMICS AND STATISTICS,68,,,,,,,,,
ANNALS OF APPLIED STATISTICS,REVIEW OF FINANCIAL STUDIES,47,,,,,,,,,
ANNALS OF APPLIED STATISTICS,SCANDINAVIAN JOURNAL OF STATISTICS,224,,,,,,,,,
ANNALS OF APPLIED STATISTICS,SCIENTIFIC REPORTS,115,,,,,,,,,
ANNALS OF APPLIED STATISTICS,SIAM JOURNAL ON SCIENTIFIC COMPUTING,41,,,,,,,,,
ANNALS OF APPLIED STATISTICS,SIAM REVIEW,72,,,,,,,,,
ANNALS OF APPLIED STATISTICS,SPATIAL STATISTICS,76,,,,,,,,,
ANNALS OF APPLIED STATISTICS,STATISTICA NEERLANDICA,43,,,,,,,,,
ANNALS OF APPLIED STATISTICS,STATISTICA SINICA,439,,,,,,,,,
ANNALS OF APPLIED STATISTICS,STATISTICAL APPLICATIONS IN GENETICS AND MOLECULAR BIOLOGY,106,,,,,,,,,
ANNALS OF APPLIED STATISTICS,STATISTICAL METHODOLOGY,43,,,,,,,,,
ANNALS OF APPLIED STATISTICS,STATISTICAL METHODS IN MEDICAL RESEARCH,167,,,,,,,,,
ANNALS OF APPLIED STATISTICS,STATISTICAL MODELLING,88,,,,,,,,,
ANNALS OF APPLIED STATISTICS,STATISTICAL SCIENCE,669,,,,,,,,,
ANNALS OF APPLIED STATISTICS,STATISTICS AND COMPUTING,316,,,,,,,,,
ANNALS OF APPLIED STATISTICS,STATISTICS AND ITS INTERFACE,51,,,,,,,,,
ANNALS OF APPLIED STATISTICS,STATISTICS IN MEDICINE,857,,,,,,,,,
ANNALS OF APPLIED STATISTICS,SURVEY METHODOLOGY,84,,,,,,,,,
ANNALS OF APPLIED STATISTICS,SYSTEMATIC BIOLOGY,90,,,,,,,,,
ANNALS OF APPLIED STATISTICS,TECHNOMETRICS,361,,,,,,,,,
ANNALS OF APPLIED STATISTICS,THE ANNALS OF STATISTICS,1759,,,,,,,,,
ANNALS OF APPLIED STATISTICS,THESIS,123,,,,,,,,,
ANNALS OF APPLIED STATISTICS,WATER RESOURCES RESEARCH,77,,,,,,,,,
ANNALS OF APPLIED STATISTICS,WEATHER AND CLIMATE EXTREMES,98,,,,,,,,,
ANNALS OF APPLIED STATISTICS,WORKING PAPER,118,,,,,,,,,
ANNALS OF APPLIED STATISTICS,WORKSHOP,57,,,,,,,,,
ANNALS OF APPLIED STATISTICS,JOURNAL OF NEUROSCIENCE METHODS,66,,,,,,,,,
ANNALS OF STATISTICS,ADVANCES IN APPLIED PROBABILITY,175,,,,,,,,,
ANNALS OF STATISTICS,ADVANCES IN MATHEMATICS,56,,,,,,,,,
ANNALS OF STATISTICS,ADVANCES IN NEURAL INFORMATION PROCESSING SYSTEMS,383,,,,,,,,,
ANNALS OF STATISTICS,AMERICAN JOURNAL OF EPIDEMIOLOGY,50,,,,,,,,,
ANNALS OF STATISTICS,AMERICAN JOURNAL OF HUMAN GENETICS,45,,,,,,,,,
ANNALS OF STATISTICS,AMERICAN JOURNAL OF PHYSIOLOGY. GASTROINTESTINAL AND LIVER PHYSIOLOGY,135,,,,,,,,,
ANNALS OF STATISTICS,AMERICAN STATISTICIAN,82,,,,,,,,,
ANNALS OF STATISTICS,ANNALES DE L INSTITUT HENRI POINCARE-PROBABILITES ET STATISTIQUES,271,,,,,,,,,
ANNALS OF STATISTICS,ANNALS OF APPLIED PROBABILITY,400,,,,,,,,,
ANNALS OF STATISTICS,ANNALS OF APPLIED STATISTICS,326,,,,,,,,,
ANNALS OF STATISTICS,ANNALS OF MATHEMATICAL STATISTICS,1188,,,,,,,,,
ANNALS OF STATISTICS,ANNALS OF MATHEMATICS,65,,,,,,,,,
ANNALS OF STATISTICS,ANNALS OF PROBABILITY,970,,,,,,,,,
ANNALS OF STATISTICS,ANNALS OF THE INSTITUTE OF STATISTICAL MATHEMATICS,289,,,,,,,,,
ANNALS OF STATISTICS,APPLIED AND COMPUTATIONAL HARMONIC ANALYSIS,125,,,,,,,,,
ANNALS OF STATISTICS,ARXIV,1479,,,,,,,,,
ANNALS OF STATISTICS,BAYESIAN ANALYSIS,77,,,,,,,,,
ANNALS OF STATISTICS,BERNOULLI,1281,,,,,,,,,
ANNALS OF STATISTICS,BIOINFORMATICS,176,,,,,,,,,
ANNALS OF STATISTICS,BIOMETRICAL JOURNAL,59,,,,,,,,,
ANNALS OF STATISTICS,BIOMETRICS,576,,,,,,,,,
ANNALS OF STATISTICS,BIOMETRIKA,2869,,,,,,,,,
ANNALS OF STATISTICS,"BIOSTATISTICS (OXFORD, ENGLAND)",147,,,,,,,,,
ANNALS OF STATISTICS,BMC BIOINFORMATICS,47,,,,,,,,,
ANNALS OF STATISTICS,BULLETIN OF THE AMERICAN MATHEMATICAL SOCIETY,46,,,,,,,,,
ANNALS OF STATISTICS,CAMBRIDGE STUDIES IN ADVANCED MATHEMATICS,42,,,,,,,,,
ANNALS OF STATISTICS,CANADIAN JOURNAL OF STATISTICS-REVUE CANADIENNE DE STATISTIQUE,228,,,,,,,,,
ANNALS OF STATISTICS,COMMUNICATIONS IN MATHEMATICAL PHYSICS,135,,,,,,,,,
ANNALS OF STATISTICS,COMMUNICATIONS IN STATISTICS-THEORY AND METHODS,145,,,,,,,,,
ANNALS OF STATISTICS,COMMUNICATIONS ON PURE AND APPLIED MATHEMATICS,139,,,,,,,,,
ANNALS OF STATISTICS,COMPTES RENDUS MATHEMATIQUE,46,,,,,,,,,
ANNALS OF STATISTICS,COMPUTATIONAL SOCIAL NETWORKS,69,,,,,,,,,
ANNALS OF STATISTICS,COMPUTATIONAL STATISTICS,42,,,,,,,,,
ANNALS OF STATISTICS,COMPUTATIONAL STATISTICS AND DATA ANALYSIS,315,,,,,,,,,
ANNALS OF STATISTICS,CONFERENCE,433,,,,,,,,,
ANNALS OF STATISTICS,CONSTRUCTIVE APPROXIMATION,56,,,,,,,,,
ANNALS OF STATISTICS,CYTOGENETICS,44,,,,,,,,,
ANNALS OF STATISTICS,DISCRETE AND COMPUTATIONAL GEOMETRY,43,,,,,,,,,
ANNALS OF STATISTICS,ECONOMETRIC REVIEWS,42,,,,,,,,,
ANNALS OF STATISTICS,ECONOMETRIC THEORY,430,,,,,,,,,
ANNALS OF STATISTICS,ECONOMETRICA,981,,,,,,,,,
ANNALS OF STATISTICS,ECONOMETRICS JOURNAL,46,,,,,,,,,
ANNALS OF STATISTICS,ELECTRONIC COMMUNICATIONS IN PROBABILITY,62,,,,,,,,,
ANNALS OF STATISTICS,ELECTRONIC JOURNAL OF PROBABILITY,108,,,,,,,,,
ANNALS OF STATISTICS,ELECTRONIC JOURNAL OF STATISTICS,981,,,,,,,,,
ANNALS OF STATISTICS,EMPIRICAL PROCESSES WITH APPLICATIONS TO STATISTICS,57,,,,,,,,,
ANNALS OF STATISTICS,EURASIP JOURNAL ON APPLIED SIGNAL PROCESSING,53,,,,,,,,,
ANNALS OF STATISTICS,EUROPEAN SERIES IN APPLIED AND INDUSTRIAL MATHEMATICS,41,,,,,,,,,
ANNALS OF STATISTICS,FINANCE AND STOCHASTICS,42,,,,,,,,,
ANNALS OF STATISTICS,FOUNDATIONS AND TRENDS IN MACHINE LEARNING,78,,,,,,,,,
ANNALS OF STATISTICS,FOUNDATIONS OF COMPUTATIONAL MATHEMATICS,123,,,,,,,,,
ANNALS OF STATISTICS,GRAPHICAL MODELS,67,,,,,,,,,
ANNALS OF STATISTICS,IEEE TRANSACTIONS ON AUTOMATIC CONTROL,59,,,,,,,,,
ANNALS OF STATISTICS,IEEE TRANSACTIONS ON INFORMATION THEORY,1259,,,,,,,,,
ANNALS OF STATISTICS,IEEE TRANSACTIONS ON NEURAL NETWORKS,52,,,,,,,,,
ANNALS OF STATISTICS,IEEE TRANSACTIONS ON PATTERN ANALYSIS AND MACHINE INTELLIGENCE,168,,,,,,,,,
ANNALS OF STATISTICS,IEEE TRANSACTIONS ON SIGNAL PROCESSING,229,,,,,,,,,
ANNALS OF STATISTICS,INTERNATIONAL JOURNAL OF COMPUTER VISION,53,,,,,,,,,
ANNALS OF STATISTICS,INTERNATIONAL STATISTICAL REVIEW,167,,,,,,,,,
ANNALS OF STATISTICS,INTRODUCTION TO NONPARAMETRIC ESTIMATION,84,,,,,,,,,
ANNALS OF STATISTICS,INVENTIONES MATHEMATICAE,45,,,,,,,,,
ANNALS OF STATISTICS,INVERSE PROBLEMS,89,,,,,,,,,
ANNALS OF STATISTICS,JOURNAL OF APPLIED ECONOMETRICS,46,,,,,,,,,
ANNALS OF STATISTICS,JOURNAL OF APPLIED PROBABILITY,189,,,,,,,,,
ANNALS OF STATISTICS,JOURNAL OF APPLIED STATISTICS,41,,,,,,,,,
ANNALS OF STATISTICS,JOURNAL OF BUSINESS AND ECONOMIC STATISTICS,138,,,,,,,,,
ANNALS OF STATISTICS,JOURNAL OF COMPLEXITY,52,,,,,,,,,
ANNALS OF STATISTICS,JOURNAL OF COMPUTATIONAL AND GRAPHICAL STATISTICS,394,,,,,,,,,
ANNALS OF STATISTICS,JOURNAL OF COMPUTER AND SYSTEM SCIENCES,52,,,,,,,,,
ANNALS OF STATISTICS,JOURNAL OF ECONOMETRICS,752,,,,,,,,,
ANNALS OF STATISTICS,JOURNAL OF FINANCE,85,,,,,,,,,
ANNALS OF STATISTICS,JOURNAL OF FINANCIAL ECONOMICS,58,,,,,,,,,
ANNALS OF STATISTICS,JOURNAL OF FUNCTIONAL ANALYSIS,56,,,,,,,,,
ANNALS OF STATISTICS,JOURNAL OF MACHINE LEARNING RESEARCH,1152,,,,,,,,,
ANNALS OF STATISTICS,JOURNAL OF MACHINE LEARNING RESEARCH : JMLR,59,,,,,,,,,
ANNALS OF STATISTICS,JOURNAL OF MULTIVARIATE ANALYSIS,1406,,,,,,,,,
ANNALS OF STATISTICS,JOURNAL OF NONPARAMETRIC STATISTICS,217,,,,,,,,,
ANNALS OF STATISTICS,JOURNAL OF STATISTICAL COMPUTATION AND SIMULATION,71,,,,,,,,,
ANNALS OF STATISTICS,JOURNAL OF STATISTICAL PHYSICS,54,,,,,,,,,
ANNALS OF STATISTICS,JOURNAL OF STATISTICAL PLANNING AND INFERENCE,834,,,,,,,,,
ANNALS OF STATISTICS,JOURNAL OF STATISTICAL SOFTWARE,91,,,,,,,,,
ANNALS OF STATISTICS,JOURNAL OF THE ACM,68,,,,,,,,,
ANNALS OF STATISTICS,JOURNAL OF THE AMERICAN STATISTICAL ASSOCIATION,4991,,,,,,,,,
ANNALS OF STATISTICS,JOURNAL OF THE ROYAL STATISTICAL SOCIETY SERIES A-STATISTICS IN SOCIETY,78,,,,,,,,,
ANNALS OF STATISTICS,JOURNAL OF THE ROYAL STATISTICAL SOCIETY SERIES B-STATISTICAL METHODOLOGY,2993,,,,,,,,,
ANNALS OF STATISTICS,JOURNAL OF THE ROYAL STATISTICAL SOCIETY SERIES C-APPLIED STATISTICS,102,,,,,,,,,
ANNALS OF STATISTICS,JOURNAL OF THEORETICAL PROBABILITY,96,,,,,,,,,
ANNALS OF STATISTICS,JOURNAL OF TIME SERIES ANALYSIS,306,,,,,,,,,
ANNALS OF STATISTICS,LECTURE NOTES IN MATHEMATICS,114,,,,,,,,,
ANNALS OF STATISTICS,LECTURE NOTES IN STATISTICS,196,,,,,,,,,
ANNALS OF STATISTICS,LIFETIME DATA ANALYSIS,44,,,,,,,,,
ANNALS OF STATISTICS,LINEAR ALGEBRA AND ITS APPLICATIONS,92,,,,,,,,,
ANNALS OF STATISTICS,MACHINE LEARNING,232,,,,,,,,,
ANNALS OF STATISTICS,MATHEMATICAL METHODS OF STATISTICS,290,,,,,,,,,
ANNALS OF STATISTICS,MATHEMATICAL PROGRAMMING,85,,,,,,,,,
ANNALS OF STATISTICS,METRIKA,83,,,,,,,,,
ANNALS OF STATISTICS,"NATURE (LONDON, UNITED KINGDOM)",112,,,,,,,,,
ANNALS OF STATISTICS,NATURE GENETICS,70,,,,,,,,,
ANNALS OF STATISTICS,NEURAL COMPUTATION,104,,,,,,,,,
ANNALS OF STATISTICS,NEUROIMAGE,108,,,,,,,,,
ANNALS OF STATISTICS,"NEUROSCIENCE (AMSTERDAM, NETHERLANDS)",108,,,,,,,,,
ANNALS OF STATISTICS,PARISANKHYAN SAMIKKHA,50,,,,,,,,,
ANNALS OF STATISTICS,PHYSICAL REVIEW E,133,,,,,,,,,
ANNALS OF STATISTICS,PHYSICAL REVIEW LETTERS,57,,,,,,,,,
ANNALS OF STATISTICS,PREPRINT,648,,,,,,,,,
ANNALS OF STATISTICS,PROBABILITY SURVEYS,43,,,,,,,,,
ANNALS OF STATISTICS,PROBABILITY THEORY AND RELATED FIELDS,819,,,,,,,,,
ANNALS OF STATISTICS,PROBLEMS OF INFORMATION TRANSMISSION,92,,,,,,,,,
ANNALS OF STATISTICS,PROCEEDING,1742,,,,,,,,,
ANNALS OF STATISTICS,PSYCHOMETRIKA,111,,,,,,,,,
ANNALS OF STATISTICS,QUANTITATIVE FINANCE,41,,,,,,,,,
ANNALS OF STATISTICS,RANDOM STRUCTURES AND ALGORITHMS,106,,,,,,,,,
ANNALS OF STATISTICS,REPORT,387,,,,,,,,,
ANNALS OF STATISTICS,REVIEW OF ECONOMIC STUDIES,83,,,,,,,,,
ANNALS OF STATISTICS,REVIEW OF ECONOMICS AND STATISTICS,61,,,,,,,,,
ANNALS OF STATISTICS,SANKHYA-THE INDIAN JOURNAL OF STATISTICS SERIES A,105,,,,,,,,,
ANNALS OF STATISTICS,SCANDINAVIAN ACTUARIAL JOURNAL,49,,,,,,,,,
ANNALS OF STATISTICS,SCANDINAVIAN JOURNAL OF STATISTICS,669,,,,,,,,,
ANNALS OF STATISTICS,SIAM JOURNAL ON COMPUTING,62,,,,,,,,,
ANNALS OF STATISTICS,SIAM JOURNAL ON CONTROL AND OPTIMIZATION,52,,,,,,,,,
ANNALS OF STATISTICS,SIAM JOURNAL ON IMAGING SCIENCES,48,,,,,,,,,
ANNALS OF STATISTICS,SIAM JOURNAL ON MATHEMATICAL ANALYSIS,60,,,,,,,,,
ANNALS OF STATISTICS,SIAM JOURNAL ON MATRIX ANALYSIS AND APPLICATIONS,126,,,,,,,,,
ANNALS OF STATISTICS,SIAM JOURNAL ON NUMERICAL ANALYSIS,82,,,,,,,,,
ANNALS OF STATISTICS,SIAM JOURNAL ON OPTIMIZATION,74,,,,,,,,,
ANNALS OF STATISTICS,SIAM JOURNAL ON SCIENTIFIC COMPUTING,58,,,,,,,,,
ANNALS OF STATISTICS,SIAM REVIEW,147,,,,,,,,,
ANNALS OF STATISTICS,SPRINGER SERIES IN STATISTICS,82,,,,,,,,,
ANNALS OF STATISTICS,STATISTICA NEERLANDICA,93,,,,,,,,,
ANNALS OF STATISTICS,STATISTICA SINICA,1072,,,,,,,,,
ANNALS OF STATISTICS,STATISTICAL APPLICATIONS IN GENETICS AND MOLECULAR BIOLOGY,55,,,,,,,,,
ANNALS OF STATISTICS,STATISTICAL METHODS IN MEDICAL RESEARCH,41,,,,,,,,,
ANNALS OF STATISTICS,STATISTICAL SCIENCE,543,,,,,,,,,
ANNALS OF STATISTICS,STATISTICS,97,,,,,,,,,
ANNALS OF STATISTICS,STATISTICS AND COMPUTING,157,,,,,,,,,
ANNALS OF STATISTICS,"STATISTICS FOR HIGH-DIMENSIONAL DATA: METHODS, THEORY AND APPLICATIONS",78,,,,,,,,,
ANNALS OF STATISTICS,STATISTICS IN MEDICINE,228,,,,,,,,,
ANNALS OF STATISTICS,STOCHASTIC PROCESSES AND THEIR APPLICATIONS,481,,,,,,,,,
ANNALS OF STATISTICS,SYNTHESIS,48,,,,,,,,,
ANNALS OF STATISTICS,TECHNOMETRICS,497,,,,,,,,,
ANNALS OF STATISTICS,THE ANNALS OF STATISTICS,14578,,,,,,,,,
ANNALS OF STATISTICS,THEORY OF PROBABILITY AND ITS APPLICATIONS,323,,,,,,,,,
ANNALS OF STATISTICS,THESIS,284,,,,,,,,,
ANNALS OF STATISTICS,TRANSACTIONS OF THE AMERICAN MATHEMATICAL SOCIETY,132,,,,,,,,,
ANNALS OF STATISTICS,WEATHER AND CLIMATE EXTREMES,75,,,,,,,,,
ANNALS OF STATISTICS,WORKING PAPER,68,,,,,,,,,
ANNALS OF STATISTICS,WORKSHOP,61,,,,,,,,,
ANNALS OF STATISTICS,ZEITSCHRIFT FUR WAHRSCHEINLICHKEITSTHEORIE UND VERWANDTE GEBIETE,260,,,,,,,,,
BIOMETRIKA,ADVANCES IN APPLIED PROBABILITY,66,,,,,,,,,
BIOMETRIKA,ADVANCES IN NEURAL INFORMATION PROCESSING SYSTEMS,117,,,,,,,,,
BIOMETRIKA,AMERICAN JOURNAL OF EPIDEMIOLOGY,151,,,,,,,,,
BIOMETRIKA,AMERICAN JOURNAL OF HUMAN GENETICS,80,,,,,,,,,
BIOMETRIKA,AMERICAN JOURNAL OF PHYSIOLOGY. GASTROINTESTINAL AND LIVER PHYSIOLOGY,81,,,,,,,,,
BIOMETRIKA,AMERICAN STATISTICIAN,119,,,,,,,,,
BIOMETRIKA,ANNALS OF APPLIED PROBABILITY,97,,,,,,,,,
BIOMETRIKA,ANNALS OF APPLIED STATISTICS,267,,,,,,,,,
BIOMETRIKA,ANNALS OF MATHEMATICAL STATISTICS,433,,,,,,,,,
BIOMETRIKA,ANNALS OF PROBABILITY,139,,,,,,,,,
BIOMETRIKA,ANNALS OF THE INSTITUTE OF STATISTICAL MATHEMATICS,135,,,,,,,,,
BIOMETRIKA,ARXIV,731,,,,,,,,,
BIOMETRIKA,BAYESIAN ANALYSIS,121,,,,,,,,,
BIOMETRIKA,BERNOULLI,282,,,,,,,,,
BIOMETRIKA,BIOINFORMATICS,154,,,,,,,,,
BIOMETRIKA,BIOMETRICAL JOURNAL,76,,,,,,,,,
BIOMETRIKA,BIOMETRICS,1442,,,,,,,,,
BIOMETRIKA,"BIOSTATISTICS (OXFORD, ENGLAND)",226,,,,,,,,,
BIOMETRIKA,CANADIAN JOURNAL OF STATISTICS-REVUE CANADIENNE DE STATISTIQUE,208,,,,,,,,,
BIOMETRIKA,COMMUNICATIONS IN STATISTICS-THEORY AND METHODS,118,,,,,,,,,
BIOMETRIKA,COMPUTATIONAL STATISTICS,42,,,,,,,,,
BIOMETRIKA,COMPUTATIONAL STATISTICS AND DATA ANALYSIS,271,,,,,,,,,
BIOMETRIKA,CONFERENCE,143,,,,,,,,,
BIOMETRIKA,CYTOGENETICS,76,,,,,,,,,
BIOMETRIKA,ECONOMETRIC THEORY,169,,,,,,,,,
BIOMETRIKA,ECONOMETRICA,571,,,,,,,,,
BIOMETRIKA,ECONOMETRICS JOURNAL,53,,,,,,,,,
BIOMETRIKA,ELECTRONIC JOURNAL OF STATISTICS,266,,,,,,,,,
BIOMETRIKA,"ENVIRONMETRICS (LONDON, ONT.)",50,,,,,,,,,
BIOMETRIKA,"EPIDEMIOLOGY (CAMBRIDGE, MASS.)",142,,,,,,,,,
BIOMETRIKA,GENETIC EPIDEMIOLOGY,57,,,,,,,,,
BIOMETRIKA,GRAPHICAL MODELS,53,,,,,,,,,
BIOMETRIKA,IEEE TRANSACTIONS ON INFORMATION THEORY,122,,,,,,,,,
BIOMETRIKA,IEEE TRANSACTIONS ON PATTERN ANALYSIS AND MACHINE INTELLIGENCE,50,,,,,,,,,
BIOMETRIKA,IEEE TRANSACTIONS ON SIGNAL PROCESSING,47,,,,,,,,,
BIOMETRIKA,INTERNATIONAL JOURNAL OF BIOSTATISTICS,49,,,,,,,,,
BIOMETRIKA,INTERNATIONAL STATISTICAL REVIEW,167,,,,,,,,,
BIOMETRIKA,JAMA-JOURNAL OF THE AMERICAN MEDICAL ASSOCIATION,43,,,,,,,,,
BIOMETRIKA,JOURNAL OF APPLIED ECONOMETRICS,48,,,,,,,,,
BIOMETRIKA,JOURNAL OF APPLIED PROBABILITY,62,,,,,,,,,
BIOMETRIKA,JOURNAL OF APPLIED STATISTICS,68,,,,,,,,,
BIOMETRIKA,JOURNAL OF BUSINESS AND ECONOMIC STATISTICS,98,,,,,,,,,
BIOMETRIKA,JOURNAL OF COMPUTATIONAL AND GRAPHICAL STATISTICS,370,,,,,,,,,
BIOMETRIKA,JOURNAL OF ECONOMETRICS,337,,,,,,,,,
BIOMETRIKA,JOURNAL OF EDUCATIONAL PSYCHOLOGY,61,,,,,,,,,
BIOMETRIKA,JOURNAL OF MACHINE LEARNING RESEARCH,399,,,,,,,,,
BIOMETRIKA,JOURNAL OF MAMMALOGY,90,,,,,,,,,
BIOMETRIKA,JOURNAL OF MULTIVARIATE ANALYSIS,484,,,,,,,,,
BIOMETRIKA,JOURNAL OF NONPARAMETRIC STATISTICS,66,,,,,,,,,
BIOMETRIKA,JOURNAL OF STATISTICAL COMPUTATION AND SIMULATION,46,,,,,,,,,
BIOMETRIKA,JOURNAL OF STATISTICAL PLANNING AND INFERENCE,423,,,,,,,,,
BIOMETRIKA,JOURNAL OF STATISTICAL SOFTWARE,89,,,,,,,,,
BIOMETRIKA,JOURNAL OF THE AMERICAN STATISTICAL ASSOCIATION,4399,,,,,,,,,
BIOMETRIKA,JOURNAL OF THE ROYAL STATISTICAL SOCIETY,49,,,,,,,,,
BIOMETRIKA,JOURNAL OF THE ROYAL STATISTICAL SOCIETY SERIES A-GENERAL,43,,,,,,,,,
BIOMETRIKA,JOURNAL OF THE ROYAL STATISTICAL SOCIETY SERIES A-STATISTICS IN SOCIETY,127,,,,,,,,,
BIOMETRIKA,JOURNAL OF THE ROYAL STATISTICAL SOCIETY SERIES B-STATISTICAL METHODOLOGY,2518,,,,,,,,,
BIOMETRIKA,JOURNAL OF THE ROYAL STATISTICAL SOCIETY SERIES C-APPLIED STATISTICS,154,,,,,,,,,
BIOMETRIKA,JOURNAL OF TIME SERIES ANALYSIS,111,,,,,,,,,
BIOMETRIKA,LIFETIME DATA ANALYSIS,116,,,,,,,,,
BIOMETRIKA,MACHINE LEARNING,80,,,,,,,,,
BIOMETRIKA,"NATURE (LONDON, UNITED KINGDOM)",113,,,,,,,,,
BIOMETRIKA,NATURE GENETICS,109,,,,,,,,,
BIOMETRIKA,NEUROIMAGE,52,,,,,,,,,
BIOMETRIKA,"NEUROSCIENCE (AMSTERDAM, NETHERLANDS)",100,,,,,,,,,
BIOMETRIKA,NEW ENGLAND JOURNAL OF MEDICINE,84,,,,,,,,,
BIOMETRIKA,PLOS ONE,50,,,,,,,,,
BIOMETRIKA,PROBABILITY THEORY AND RELATED FIELDS,88,,,,,,,,,
BIOMETRIKA,PROCEEDING,664,,,,,,,,,
BIOMETRIKA,PSYCHOMETRIKA,57,,,,,,,,,
BIOMETRIKA,R PACKAGE,51,,,,,,,,,
BIOMETRIKA,REVIEW OF ECONOMICS AND STATISTICS,50,,,,,,,,,
BIOMETRIKA,SCANDINAVIAN JOURNAL OF STATISTICS,435,,,,,,,,,
BIOMETRIKA,STATISTICA NEERLANDICA,41,,,,,,,,,
BIOMETRIKA,STATISTICA SINICA,654,,,,,,,,,
BIOMETRIKA,STATISTICAL APPLICATIONS IN GENETICS AND MOLECULAR BIOLOGY,46,,,,,,,,,
BIOMETRIKA,STATISTICAL METHODS IN MEDICAL RESEARCH,61,,,,,,,,,
BIOMETRIKA,STATISTICAL SCIENCE,506,,,,,,,,,
BIOMETRIKA,STATISTICS,41,,,,,,,,,
BIOMETRIKA,STATISTICS AND COMPUTING,168,,,,,,,,,
BIOMETRIKA,STATISTICS IN MEDICINE,688,,,,,,,,,
BIOMETRIKA,STOCHASTIC PROCESSES AND THEIR APPLICATIONS,75,,,,,,,,,
BIOMETRIKA,SURVEY METHODOLOGY,87,,,,,,,,,
BIOMETRIKA,TECHNOMETRICS,335,,,,,,,,,
BIOMETRIKA,THE ANNALS OF STATISTICS,4201,,,,,,,,,
BIOMETRIKA,WEATHER AND CLIMATE EXTREMES,55,,,,,,,,,
JOURNAL OF BUSINESS & ECONOMIC STATISTICS,AMERICAN ECONOMIC JOURNAL-MACROECONOMICS,65,,,,,,,,,
JOURNAL OF BUSINESS & ECONOMIC STATISTICS,AMERICAN ECONOMIC REVIEW,971,,,,,,,,,
JOURNAL OF BUSINESS & ECONOMIC STATISTICS,AMERICAN STATISTICIAN,69,,,,,,,,,
JOURNAL OF BUSINESS & ECONOMIC STATISTICS,ANNALS OF APPLIED STATISTICS,98,,,,,,,,,
JOURNAL OF BUSINESS & ECONOMIC STATISTICS,ANNALS OF MATHEMATICAL STATISTICS,149,,,,,,,,,
JOURNAL OF BUSINESS & ECONOMIC STATISTICS,ANNALS OF PROBABILITY,85,,,,,,,,,
JOURNAL OF BUSINESS & ECONOMIC STATISTICS,ANNALS OF THE INSTITUTE OF STATISTICAL MATHEMATICS,57,,,,,,,,,
JOURNAL OF BUSINESS & ECONOMIC STATISTICS,ARXIV,359,,,,,,,,,
JOURNAL OF BUSINESS & ECONOMIC STATISTICS,BAYESIAN ANALYSIS,71,,,,,,,,,
JOURNAL OF BUSINESS & ECONOMIC STATISTICS,BERNOULLI,177,,,,,,,,,
JOURNAL OF BUSINESS & ECONOMIC STATISTICS,BIOMETRICS,135,,,,,,,,,
JOURNAL OF BUSINESS & ECONOMIC STATISTICS,BIOMETRIKA,814,,,,,,,,,
JOURNAL OF BUSINESS & ECONOMIC STATISTICS,BROOKINGS PAPERS ON ECONOMIC ACTIVITY,71,,,,,,,,,
JOURNAL OF BUSINESS & ECONOMIC STATISTICS,CANADIAN JOURNAL OF STATISTICS-REVUE CANADIENNE DE STATISTIQUE,54,,,,,,,,,
JOURNAL OF BUSINESS & ECONOMIC STATISTICS,COMMUNICATIONS IN STATISTICS-THEORY AND METHODS,43,,,,,,,,,
JOURNAL OF BUSINESS & ECONOMIC STATISTICS,COMPUTATIONAL STATISTICS AND DATA ANALYSIS,189,,,,,,,,,
JOURNAL OF BUSINESS & ECONOMIC STATISTICS,CONFERENCE,73,,,,,,,,,
JOURNAL OF BUSINESS & ECONOMIC STATISTICS,DISCUSSION,163,,,,,,,,,
JOURNAL OF BUSINESS & ECONOMIC STATISTICS,ECONOMETRIC REVIEWS,336,,,,,,,,,
JOURNAL OF BUSINESS & ECONOMIC STATISTICS,ECONOMETRIC THEORY,1023,,,,,,,,,
JOURNAL OF BUSINESS & ECONOMIC STATISTICS,ECONOMETRICA,3929,,,,,,,,,
JOURNAL OF BUSINESS & ECONOMIC STATISTICS,ECONOMETRICS JOURNAL,270,,,,,,,,,
JOURNAL OF BUSINESS & ECONOMIC STATISTICS,ECONOMIC JOURNAL,177,,,,,,,,,
JOURNAL OF BUSINESS & ECONOMIC STATISTICS,ECONOMICS LETTERS,316,,,,,,,,,
JOURNAL OF BUSINESS & ECONOMIC STATISTICS,ELECTRONIC JOURNAL OF STATISTICS,87,,,,,,,,,
JOURNAL OF BUSINESS & ECONOMIC STATISTICS,EMPIRICAL ECONOMICS,77,,,,,,,,,
JOURNAL OF BUSINESS & ECONOMIC STATISTICS,EUROPEAN ECONOMIC REVIEW,91,,,,,,,,,
JOURNAL OF BUSINESS & ECONOMIC STATISTICS,INTERNATIONAL ECONOMIC REVIEW,386,,,,,,,,,
JOURNAL OF BUSINESS & ECONOMIC STATISTICS,INTERNATIONAL JOURNAL OF FORECASTING,293,,,,,,,,,
JOURNAL OF BUSINESS & ECONOMIC STATISTICS,JOURNAL OF APPLIED ECONOMETRICS,933,,,,,,,,,
JOURNAL OF BUSINESS & ECONOMIC STATISTICS,JOURNAL OF BANKING AND FINANCE,149,,,,,,,,,
JOURNAL OF BUSINESS & ECONOMIC STATISTICS,JOURNAL OF BUSINESS,143,,,,,,,,,
JOURNAL OF BUSINESS & ECONOMIC STATISTICS,JOURNAL OF BUSINESS AND ECONOMIC STATISTICS,1933,,,,,,,,,
JOURNAL OF BUSINESS & ECONOMIC STATISTICS,JOURNAL OF COMPUTATIONAL AND GRAPHICAL STATISTICS,112,,,,,,,,,
JOURNAL OF BUSINESS & ECONOMIC STATISTICS,JOURNAL OF ECONOMETRICS,4482,,,,,,,,,
JOURNAL OF BUSINESS & ECONOMIC STATISTICS,JOURNAL OF ECONOMIC DYNAMICS AND CONTROL,159,,,,,,,,,
JOURNAL OF BUSINESS & ECONOMIC STATISTICS,JOURNAL OF ECONOMIC LITERATURE,168,,,,,,,,,
JOURNAL OF BUSINESS & ECONOMIC STATISTICS,JOURNAL OF ECONOMIC PERSPECTIVES,119,,,,,,,,,
JOURNAL OF BUSINESS & ECONOMIC STATISTICS,JOURNAL OF ECONOMIC THEORY,108,,,,,,,,,
JOURNAL OF BUSINESS & ECONOMIC STATISTICS,JOURNAL OF EMPIRICAL FINANCE,210,,,,,,,,,
JOURNAL OF BUSINESS & ECONOMIC STATISTICS,JOURNAL OF FINANCE,987,,,,,,,,,
JOURNAL OF BUSINESS & ECONOMIC STATISTICS,JOURNAL OF FINANCIAL AND QUANTITATIVE ANALYSIS,126,,,,,,,,,
JOURNAL OF BUSINESS & ECONOMIC STATISTICS,JOURNAL OF FINANCIAL ECONOMETRICS,244,,,,,,,,,
JOURNAL OF BUSINESS & ECONOMIC STATISTICS,JOURNAL OF FINANCIAL ECONOMICS,699,,,,,,,,,
JOURNAL OF BUSINESS & ECONOMIC STATISTICS,JOURNAL OF FORECASTING,145,,,,,,,,,
JOURNAL OF BUSINESS & ECONOMIC STATISTICS,JOURNAL OF HUMAN RESOURCES,116,,,,,,,,,
JOURNAL OF BUSINESS & ECONOMIC STATISTICS,JOURNAL OF INTERNATIONAL ECONOMICS,125,,,,,,,,,
JOURNAL OF BUSINESS & ECONOMIC STATISTICS,JOURNAL OF INTERNATIONAL MONEY AND FINANCE,85,,,,,,,,,
JOURNAL OF BUSINESS & ECONOMIC STATISTICS,JOURNAL OF LABOR ECONOMICS,118,,,,,,,,,
JOURNAL OF BUSINESS & ECONOMIC STATISTICS,JOURNAL OF MACHINE LEARNING RESEARCH,112,,,,,,,,,
JOURNAL OF BUSINESS & ECONOMIC STATISTICS,JOURNAL OF MARKETING RESEARCH,82,,,,,,,,,
JOURNAL OF BUSINESS & ECONOMIC STATISTICS,JOURNAL OF MONETARY ECONOMICS,434,,,,,,,,,
JOURNAL OF BUSINESS & ECONOMIC STATISTICS,JOURNAL OF MONEY CREDIT AND BANKING,219,,,,,,,,,
JOURNAL OF BUSINESS & ECONOMIC STATISTICS,JOURNAL OF MULTIVARIATE ANALYSIS,305,,,,,,,,,
JOURNAL OF BUSINESS & ECONOMIC STATISTICS,JOURNAL OF NONPARAMETRIC STATISTICS,62,,,,,,,,,
JOURNAL OF BUSINESS & ECONOMIC STATISTICS,JOURNAL OF POLITICAL ECONOMY,499,,,,,,,,,
JOURNAL OF BUSINESS & ECONOMIC STATISTICS,JOURNAL OF PRODUCTIVITY ANALYSIS,66,,,,,,,,,
JOURNAL OF BUSINESS & ECONOMIC STATISTICS,JOURNAL OF PUBLIC ECONOMICS,90,,,,,,,,,
JOURNAL OF BUSINESS & ECONOMIC STATISTICS,JOURNAL OF STATISTICAL PLANNING AND INFERENCE,116,,,,,,,,,
JOURNAL OF BUSINESS & ECONOMIC STATISTICS,JOURNAL OF STATISTICAL SOFTWARE,55,,,,,,,,,
JOURNAL OF BUSINESS & ECONOMIC STATISTICS,JOURNAL OF THE AMERICAN STATISTICAL ASSOCIATION,2362,,,,,,,,,
JOURNAL OF BUSINESS & ECONOMIC STATISTICS,JOURNAL OF THE EUROPEAN ECONOMIC ASSOCIATION,54,,,,,,,,,
JOURNAL OF BUSINESS & ECONOMIC STATISTICS,JOURNAL OF THE ROYAL STATISTICAL SOCIETY SERIES A-STATISTICS IN SOCIETY,84,,,,,,,,,
JOURNAL OF BUSINESS & ECONOMIC STATISTICS,JOURNAL OF THE ROYAL STATISTICAL SOCIETY SERIES B-STATISTICAL METHODOLOGY,781,,,,,,,,,
JOURNAL OF BUSINESS & ECONOMIC STATISTICS,JOURNAL OF TIME SERIES ANALYSIS,343,,,,,,,,,
JOURNAL OF BUSINESS & ECONOMIC STATISTICS,MANAGEMENT SCIENCE,138,,,,,,,,,
JOURNAL OF BUSINESS & ECONOMIC STATISTICS,MARKETING SCIENCE,98,,,,,,,,,
JOURNAL OF BUSINESS & ECONOMIC STATISTICS,MATHEMATICAL FINANCE,56,,,,,,,,,
JOURNAL OF BUSINESS & ECONOMIC STATISTICS,NBER MACROECONOMICS ANNUAL,40,,,,,,,,,
JOURNAL OF BUSINESS & ECONOMIC STATISTICS,OXFORD BULLETIN OF ECONOMICS AND STATISTICS,141,,,,,,,,,
JOURNAL OF BUSINESS & ECONOMIC STATISTICS,PROCEEDING,204,,,,,,,,,
JOURNAL OF BUSINESS & ECONOMIC STATISTICS,QUANTITATIVE ECONOMICS,107,,,,,,,,,
JOURNAL OF BUSINESS & ECONOMIC STATISTICS,QUANTITATIVE FINANCE,53,,,,,,,,,
JOURNAL OF BUSINESS & ECONOMIC STATISTICS,QUARTERLY JOURNAL OF ECONOMICS,392,,,,,,,,,
JOURNAL OF BUSINESS & ECONOMIC STATISTICS,RAND JOURNAL OF ECONOMICS,67,,,,,,,,,
JOURNAL OF BUSINESS & ECONOMIC STATISTICS,REPORT,205,,,,,,,,,
JOURNAL OF BUSINESS & ECONOMIC STATISTICS,REVIEW OF ECONOMIC DYNAMICS,47,,,,,,,,,
JOURNAL OF BUSINESS & ECONOMIC STATISTICS,REVIEW OF ECONOMIC STUDIES,648,,,,,,,,,
JOURNAL OF BUSINESS & ECONOMIC STATISTICS,REVIEW OF ECONOMICS AND STATISTICS,883,,,,,,,,,
JOURNAL OF BUSINESS & ECONOMIC STATISTICS,REVIEW OF FINANCIAL STUDIES,570,,,,,,,,,
JOURNAL OF BUSINESS & ECONOMIC STATISTICS,SCANDINAVIAN JOURNAL OF STATISTICS,136,,,,,,,,,
JOURNAL OF BUSINESS & ECONOMIC STATISTICS,STATISTICA SINICA,218,,,,,,,,,
JOURNAL OF BUSINESS & ECONOMIC STATISTICS,STATISTICAL SCIENCE,125,,,,,,,,,
JOURNAL OF BUSINESS & ECONOMIC STATISTICS,STATISTICS AND COMPUTING,73,,,,,,,,,
JOURNAL OF BUSINESS & ECONOMIC STATISTICS,STATISTICS IN MEDICINE,67,,,,,,,,,
JOURNAL OF BUSINESS & ECONOMIC STATISTICS,STOCHASTIC PROCESSES AND THEIR APPLICATIONS,112,,,,,,,,,
JOURNAL OF BUSINESS & ECONOMIC STATISTICS,STUDIES IN NONLINEAR DYNAMICS AND ECONOMETRICS,40,,,,,,,,,
JOURNAL OF BUSINESS & ECONOMIC STATISTICS,TECHNOMETRICS,45,,,,,,,,,
JOURNAL OF BUSINESS & ECONOMIC STATISTICS,THE ANNALS OF STATISTICS,1676,,,,,,,,,
JOURNAL OF BUSINESS & ECONOMIC STATISTICS,THESIS,56,,,,,,,,,
JOURNAL OF BUSINESS & ECONOMIC STATISTICS,WORKING PAPER,919,,,,,,,,,
JOURNAL OF COMPUTATIONAL AND GRAPHICAL STATISTICS,ACM TRANSACTIONS ON MATHEMATICAL SOFTWARE,47,,,,,,,,,
JOURNAL OF COMPUTATIONAL AND GRAPHICAL STATISTICS,ADVANCES IN APPLIED PROBABILITY,62,,,,,,,,,
JOURNAL OF COMPUTATIONAL AND GRAPHICAL STATISTICS,ADVANCES IN NEURAL INFORMATION PROCESSING SYSTEMS,224,,,,,,,,,
JOURNAL OF COMPUTATIONAL AND GRAPHICAL STATISTICS,AMERICAN JOURNAL OF EPIDEMIOLOGY,40,,,,,,,,,
JOURNAL OF COMPUTATIONAL AND GRAPHICAL STATISTICS,AMERICAN JOURNAL OF PHYSIOLOGY. GASTROINTESTINAL AND LIVER PHYSIOLOGY,78,,,,,,,,,
JOURNAL OF COMPUTATIONAL AND GRAPHICAL STATISTICS,AMERICAN STATISTICIAN,294,,,,,,,,,
JOURNAL OF COMPUTATIONAL AND GRAPHICAL STATISTICS,ANNALS OF APPLIED PROBABILITY,81,,,,,,,,,
JOURNAL OF COMPUTATIONAL AND GRAPHICAL STATISTICS,ANNALS OF APPLIED STATISTICS,501,,,,,,,,,
JOURNAL OF COMPUTATIONAL AND GRAPHICAL STATISTICS,ANNALS OF MATHEMATICAL STATISTICS,264,,,,,,,,,
JOURNAL OF COMPUTATIONAL AND GRAPHICAL STATISTICS,ANNALS OF PROBABILITY,55,,,,,,,,,
JOURNAL OF COMPUTATIONAL AND GRAPHICAL STATISTICS,ANNALS OF THE INSTITUTE OF STATISTICAL MATHEMATICS,101,,,,,,,,,
JOURNAL OF COMPUTATIONAL AND GRAPHICAL STATISTICS,ARXIV,1098,,,,,,,,,
JOURNAL OF COMPUTATIONAL AND GRAPHICAL STATISTICS,BAYESIAN ANALYSIS,305,,,,,,,,,
JOURNAL OF COMPUTATIONAL AND GRAPHICAL STATISTICS,BERNOULLI,193,,,,,,,,,
JOURNAL OF COMPUTATIONAL AND GRAPHICAL STATISTICS,BIOINFORMATICS,259,,,,,,,,,
JOURNAL OF COMPUTATIONAL AND GRAPHICAL STATISTICS,BIOMETRICAL JOURNAL,51,,,,,,,,,
JOURNAL OF COMPUTATIONAL AND GRAPHICAL STATISTICS,BIOMETRICS,840,,,,,,,,,
JOURNAL OF COMPUTATIONAL AND GRAPHICAL STATISTICS,BIOMETRIKA,1999,,,,,,,,,
JOURNAL OF COMPUTATIONAL AND GRAPHICAL STATISTICS,"BIOSTATISTICS (OXFORD, ENGLAND)",236,,,,,,,,,
JOURNAL OF COMPUTATIONAL AND GRAPHICAL STATISTICS,BMC BIOINFORMATICS,76,,,,,,,,,
JOURNAL OF COMPUTATIONAL AND GRAPHICAL STATISTICS,CANADIAN JOURNAL OF STATISTICS-REVUE CANADIENNE DE STATISTIQUE,130,,,,,,,,,
JOURNAL OF COMPUTATIONAL AND GRAPHICAL STATISTICS,CHEMOMETRICS AND INTELLIGENT LABORATORY SYSTEMS,47,,,,,,,,,
JOURNAL OF COMPUTATIONAL AND GRAPHICAL STATISTICS,COMMUNICATIONS IN STATISTICS-SIMULATION AND COMPUTATION,82,,,,,,,,,
JOURNAL OF COMPUTATIONAL AND GRAPHICAL STATISTICS,COMMUNICATIONS IN STATISTICS-THEORY AND METHODS,94,,,,,,,,,
JOURNAL OF COMPUTATIONAL AND GRAPHICAL STATISTICS,COMMUNICATIONS OF THE ACM,54,,,,,,,,,
JOURNAL OF COMPUTATIONAL AND GRAPHICAL STATISTICS,COMPUTATIONAL SOCIAL NETWORKS,88,,,,,,,,,
JOURNAL OF COMPUTATIONAL AND GRAPHICAL STATISTICS,COMPUTATIONAL STATISTICS,123,,,,,,,,,
JOURNAL OF COMPUTATIONAL AND GRAPHICAL STATISTICS,COMPUTATIONAL STATISTICS AND DATA ANALYSIS,757,,,,,,,,,
JOURNAL OF COMPUTATIONAL AND GRAPHICAL STATISTICS,COMPUTER JOURNAL,42,,,,,,,,,
JOURNAL OF COMPUTATIONAL AND GRAPHICAL STATISTICS,CONFERENCE,516,,,,,,,,,
JOURNAL OF COMPUTATIONAL AND GRAPHICAL STATISTICS,CRITICAL REVIEWS IN SOLID STATE AND MATERIALS SCIENCES,61,,,,,,,,,
JOURNAL OF COMPUTATIONAL AND GRAPHICAL STATISTICS,CYTOGENETICS,65,,,,,,,,,
JOURNAL OF COMPUTATIONAL AND GRAPHICAL STATISTICS,ECONOMETRIC THEORY,51,,,,,,,,,
JOURNAL OF COMPUTATIONAL AND GRAPHICAL STATISTICS,ECONOMETRICA,181,,,,,,,,,
JOURNAL OF COMPUTATIONAL AND GRAPHICAL STATISTICS,ELECTRONIC JOURNAL OF STATISTICS,331,,,,,,,,,
JOURNAL OF COMPUTATIONAL AND GRAPHICAL STATISTICS,ENVIRONMENTAL AND ECOLOGICAL STATISTICS,47,,,,,,,,,
JOURNAL OF COMPUTATIONAL AND GRAPHICAL STATISTICS,"ENVIRONMETRICS (LONDON, ONT.)",104,,,,,,,,,
JOURNAL OF COMPUTATIONAL AND GRAPHICAL STATISTICS,FOUNDATIONS AND TRENDS IN MACHINE LEARNING,61,,,,,,,,,
JOURNAL OF COMPUTATIONAL AND GRAPHICAL STATISTICS,GGPLOT2: ELEGANT GRAPHICS FOR DATA ANALYSIS,56,,,,,,,,,
JOURNAL OF COMPUTATIONAL AND GRAPHICAL STATISTICS,IEEE TRANSACTIONS ON AUTOMATIC CONTROL,43,,,,,,,,,
JOURNAL OF COMPUTATIONAL AND GRAPHICAL STATISTICS,IEEE TRANSACTIONS ON IMAGE PROCESSING,46,,,,,,,,,
JOURNAL OF COMPUTATIONAL AND GRAPHICAL STATISTICS,IEEE TRANSACTIONS ON INFORMATION THEORY,177,,,,,,,,,
JOURNAL OF COMPUTATIONAL AND GRAPHICAL STATISTICS,IEEE TRANSACTIONS ON MEDICAL IMAGING,46,,,,,,,,,
JOURNAL OF COMPUTATIONAL AND GRAPHICAL STATISTICS,IEEE TRANSACTIONS ON NEURAL NETWORKS,79,,,,,,,,,
JOURNAL OF COMPUTATIONAL AND GRAPHICAL STATISTICS,IEEE TRANSACTIONS ON PATTERN ANALYSIS AND MACHINE INTELLIGENCE,249,,,,,,,,,
JOURNAL OF COMPUTATIONAL AND GRAPHICAL STATISTICS,IEEE TRANSACTIONS ON SIGNAL PROCESSING,128,,,,,,,,,
JOURNAL OF COMPUTATIONAL AND GRAPHICAL STATISTICS,IEEE TRANSACTIONS ON VISUALIZATION AND COMPUTER GRAPHICS,75,,,,,,,,,
JOURNAL OF COMPUTATIONAL AND GRAPHICAL STATISTICS,INTERNATIONAL JOURNAL OF FORECASTING,57,,,,,,,,,
JOURNAL OF COMPUTATIONAL AND GRAPHICAL STATISTICS,INTERNATIONAL STATISTICAL REVIEW,100,,,,,,,,,
JOURNAL OF COMPUTATIONAL AND GRAPHICAL STATISTICS,JOURNAL OF AGRICULTURAL BIOLOGICAL AND ENVIRONMENTAL STATISTICS,71,,,,,,,,,
JOURNAL OF COMPUTATIONAL AND GRAPHICAL STATISTICS,JOURNAL OF APPLIED ECONOMETRICS,50,,,,,,,,,
JOURNAL OF COMPUTATIONAL AND GRAPHICAL STATISTICS,JOURNAL OF APPLIED PROBABILITY,56,,,,,,,,,
JOURNAL OF COMPUTATIONAL AND GRAPHICAL STATISTICS,JOURNAL OF APPLIED STATISTICS,94,,,,,,,,,
JOURNAL OF COMPUTATIONAL AND GRAPHICAL STATISTICS,JOURNAL OF BUSINESS AND ECONOMIC STATISTICS,103,,,,,,,,,
JOURNAL OF COMPUTATIONAL AND GRAPHICAL STATISTICS,JOURNAL OF CHEMICAL PHYSICS,64,,,,,,,,,
JOURNAL OF COMPUTATIONAL AND GRAPHICAL STATISTICS,JOURNAL OF CLASSIFICATION,145,,,,,,,,,
JOURNAL OF COMPUTATIONAL AND GRAPHICAL STATISTICS,JOURNAL OF ECONOMETRICS,296,,,,,,,,,
JOURNAL OF COMPUTATIONAL AND GRAPHICAL STATISTICS,JOURNAL OF MACHINE LEARNING RESEARCH,740,,,,,,,,,
JOURNAL OF COMPUTATIONAL AND GRAPHICAL STATISTICS,JOURNAL OF MAMMALOGY,156,,,,,,,,,
JOURNAL OF COMPUTATIONAL AND GRAPHICAL STATISTICS,JOURNAL OF MULTIVARIATE ANALYSIS,386,,,,,,,,,
JOURNAL OF COMPUTATIONAL AND GRAPHICAL STATISTICS,JOURNAL OF NONPARAMETRIC STATISTICS,64,,,,,,,,,
JOURNAL OF COMPUTATIONAL AND GRAPHICAL STATISTICS,JOURNAL OF STATISTICAL COMPUTATION AND SIMULATION,144,,,,,,,,,
JOURNAL OF COMPUTATIONAL AND GRAPHICAL STATISTICS,JOURNAL OF STATISTICAL PLANNING AND INFERENCE,203,,,,,,,,,
JOURNAL OF COMPUTATIONAL AND GRAPHICAL STATISTICS,JOURNAL OF STATISTICAL SOFTWARE,481,,,,,,,,,
JOURNAL OF COMPUTATIONAL AND GRAPHICAL STATISTICS,JOURNAL OF THE AMERICAN STATISTICAL ASSOCIATION,4426,,,,,,,,,
JOURNAL OF COMPUTATIONAL AND GRAPHICAL STATISTICS,JOURNAL OF THE ROYAL STATISTICAL SOCIETY,45,,,,,,,,,
JOURNAL OF COMPUTATIONAL AND GRAPHICAL STATISTICS,JOURNAL OF THE ROYAL STATISTICAL SOCIETY SERIES A-GENERAL,44,,,,,,,,,
JOURNAL OF COMPUTATIONAL AND GRAPHICAL STATISTICS,JOURNAL OF THE ROYAL STATISTICAL SOCIETY SERIES A-STATISTICS IN SOCIETY,93,,,,,,,,,
JOURNAL OF COMPUTATIONAL AND GRAPHICAL STATISTICS,JOURNAL OF THE ROYAL STATISTICAL SOCIETY SERIES B-STATISTICAL METHODOLOGY,2549,,,,,,,,,
JOURNAL OF COMPUTATIONAL AND GRAPHICAL STATISTICS,JOURNAL OF THE ROYAL STATISTICAL SOCIETY SERIES C-APPLIED STATISTICS,265,,,,,,,,,
JOURNAL OF COMPUTATIONAL AND GRAPHICAL STATISTICS,JOURNAL OF TIME SERIES ANALYSIS,108,,,,,,,,,
JOURNAL OF COMPUTATIONAL AND GRAPHICAL STATISTICS,MACHINE LEARNING,236,,,,,,,,,
JOURNAL OF COMPUTATIONAL AND GRAPHICAL STATISTICS,MATHEMATICAL GEOLOGY,51,,,,,,,,,
JOURNAL OF COMPUTATIONAL AND GRAPHICAL STATISTICS,MATHEMATICAL PROGRAMMING,88,,,,,,,,,
JOURNAL OF COMPUTATIONAL AND GRAPHICAL STATISTICS,"NATURE (LONDON, UNITED KINGDOM)",131,,,,,,,,,
JOURNAL OF COMPUTATIONAL AND GRAPHICAL STATISTICS,NATURE GENETICS,77,,,,,,,,,
JOURNAL OF COMPUTATIONAL AND GRAPHICAL STATISTICS,NEURAL COMPUTATION,134,,,,,,,,,
JOURNAL OF COMPUTATIONAL AND GRAPHICAL STATISTICS,NEUROIMAGE,129,,,,,,,,,
JOURNAL OF COMPUTATIONAL AND GRAPHICAL STATISTICS,"NEUROSCIENCE (AMSTERDAM, NETHERLANDS)",169,,,,,,,,,
JOURNAL OF COMPUTATIONAL AND GRAPHICAL STATISTICS,NUCLEIC ACIDS RESEARCH,50,,,,,,,,,
JOURNAL OF COMPUTATIONAL AND GRAPHICAL STATISTICS,NUMERISCHE MATHEMATIK,54,,,,,,,,,
JOURNAL OF COMPUTATIONAL AND GRAPHICAL STATISTICS,OPERATIONS RESEARCH,49,,,,,,,,,
JOURNAL OF COMPUTATIONAL AND GRAPHICAL STATISTICS,PATTERN RECOGNITION,67,,,,,,,,,
JOURNAL OF COMPUTATIONAL AND GRAPHICAL STATISTICS,PHYSICAL REVIEW E,74,,,,,,,,,
JOURNAL OF COMPUTATIONAL AND GRAPHICAL STATISTICS,PHYSICAL REVIEW LETTERS,72,,,,,,,,,
JOURNAL OF COMPUTATIONAL AND GRAPHICAL STATISTICS,PLOS ONE,81,,,,,,,,,
JOURNAL OF COMPUTATIONAL AND GRAPHICAL STATISTICS,PROCEEDING,1235,,,,,,,,,
JOURNAL OF COMPUTATIONAL AND GRAPHICAL STATISTICS,PSYCHOMETRIKA,206,,,,,,,,,
JOURNAL OF COMPUTATIONAL AND GRAPHICAL STATISTICS,R PACKAGE,303,,,,,,,,,
JOURNAL OF COMPUTATIONAL AND GRAPHICAL STATISTICS,REPORT,290,,,,,,,,,
JOURNAL OF COMPUTATIONAL AND GRAPHICAL STATISTICS,SCANDINAVIAN JOURNAL OF STATISTICS,275,,,,,,,,,
JOURNAL OF COMPUTATIONAL AND GRAPHICAL STATISTICS,SIAM JOURNAL ON IMAGING SCIENCES,53,,,,,,,,,
JOURNAL OF COMPUTATIONAL AND GRAPHICAL STATISTICS,SIAM JOURNAL ON MATRIX ANALYSIS AND APPLICATIONS,75,,,,,,,,,
JOURNAL OF COMPUTATIONAL AND GRAPHICAL STATISTICS,SIAM JOURNAL ON OPTIMIZATION,74,,,,,,,,,
JOURNAL OF COMPUTATIONAL AND GRAPHICAL STATISTICS,SIAM JOURNAL ON SCIENTIFIC AND STATISTICAL COMPUTING,59,,,,,,,,,
JOURNAL OF COMPUTATIONAL AND GRAPHICAL STATISTICS,SIAM JOURNAL ON SCIENTIFIC COMPUTING,102,,,,,,,,,
JOURNAL OF COMPUTATIONAL AND GRAPHICAL STATISTICS,SIAM REVIEW,106,,,,,,,,,
JOURNAL OF COMPUTATIONAL AND GRAPHICAL STATISTICS,SPATIAL STATISTICS,56,,,,,,,,,
JOURNAL OF COMPUTATIONAL AND GRAPHICAL STATISTICS,STATISTICA NEERLANDICA,43,,,,,,,,,
JOURNAL OF COMPUTATIONAL AND GRAPHICAL STATISTICS,STATISTICA SINICA,606,,,,,,,,,
JOURNAL OF COMPUTATIONAL AND GRAPHICAL STATISTICS,STATISTICAL ANALYSIS AND DATA MINING,44,,,,,,,,,
JOURNAL OF COMPUTATIONAL AND GRAPHICAL STATISTICS,STATISTICAL METHODS IN MEDICAL RESEARCH,51,,,,,,,,,
JOURNAL OF COMPUTATIONAL AND GRAPHICAL STATISTICS,STATISTICAL MODELLING,60,,,,,,,,,
JOURNAL OF COMPUTATIONAL AND GRAPHICAL STATISTICS,STATISTICAL SCIENCE,561,,,,,,,,,
JOURNAL OF COMPUTATIONAL AND GRAPHICAL STATISTICS,STATISTICS AND COMPUTING,713,,,,,,,,,
JOURNAL OF COMPUTATIONAL AND GRAPHICAL STATISTICS,STATISTICS IN MEDICINE,346,,,,,,,,,
JOURNAL OF COMPUTATIONAL AND GRAPHICAL STATISTICS,STOCHASTIC PROCESSES AND THEIR APPLICATIONS,40,,,,,,,,,
JOURNAL OF COMPUTATIONAL AND GRAPHICAL STATISTICS,SYNTHESIS,55,,,,,,,,,
JOURNAL OF COMPUTATIONAL AND GRAPHICAL STATISTICS,TECHNOMETRICS,543,,,,,,,,,
JOURNAL OF COMPUTATIONAL AND GRAPHICAL STATISTICS,THE ANNALS OF STATISTICS,2831,,,,,,,,,
JOURNAL OF COMPUTATIONAL AND GRAPHICAL STATISTICS,THESIS,188,,,,,,,,,
JOURNAL OF COMPUTATIONAL AND GRAPHICAL STATISTICS,WORKSHOP,50,,,,,,,,,
JOURNAL OF THE AMERICAN STATISTICAL ASSOCIATION,ADVANCES IN APPLIED PROBABILITY,109,,,,,,,,,
JOURNAL OF THE AMERICAN STATISTICAL ASSOCIATION,ADVANCES IN NEURAL INFORMATION PROCESSING SYSTEMS,346,,,,,,,,,
JOURNAL OF THE AMERICAN STATISTICAL ASSOCIATION,AGING CELL,103,,,,,,,,,
JOURNAL OF THE AMERICAN STATISTICAL ASSOCIATION,AMERICAN ECONOMIC REVIEW,212,,,,,,,,,
JOURNAL OF THE AMERICAN STATISTICAL ASSOCIATION,AMERICAN JOURNAL OF EPIDEMIOLOGY,314,,,,,,,,,
JOURNAL OF THE AMERICAN STATISTICAL ASSOCIATION,AMERICAN JOURNAL OF HUMAN GENETICS,318,,,,,,,,,
JOURNAL OF THE AMERICAN STATISTICAL ASSOCIATION,AMERICAN JOURNAL OF PHYSIOLOGY. GASTROINTESTINAL AND LIVER PHYSIOLOGY,177,,,,,,,,,
JOURNAL OF THE AMERICAN STATISTICAL ASSOCIATION,AMERICAN JOURNAL OF POLITICAL SCIENCE,81,,,,,,,,,
JOURNAL OF THE AMERICAN STATISTICAL ASSOCIATION,AMERICAN JOURNAL OF PUBLIC HEALTH,48,,,,,,,,,
JOURNAL OF THE AMERICAN STATISTICAL ASSOCIATION,AMERICAN POLITICAL SCIENCE REVIEW,46,,,,,,,,,
JOURNAL OF THE AMERICAN STATISTICAL ASSOCIATION,AMERICAN STATISTICIAN,411,,,,,,,,,
JOURNAL OF THE AMERICAN STATISTICAL ASSOCIATION,ANNALES DE L INSTITUT HENRI POINCARE-PROBABILITES ET STATISTIQUES,45,,,,,,,,,
JOURNAL OF THE AMERICAN STATISTICAL ASSOCIATION,ANNALS OF APPLIED PROBABILITY,125,,,,,,,,,
JOURNAL OF THE AMERICAN STATISTICAL ASSOCIATION,ANNALS OF APPLIED STATISTICS,966,,,,,,,,,
JOURNAL OF THE AMERICAN STATISTICAL ASSOCIATION,ANNALS OF INTERNAL MEDICINE,61,,,,,,,,,
JOURNAL OF THE AMERICAN STATISTICAL ASSOCIATION,ANNALS OF MATHEMATICAL STATISTICS,745,,,,,,,,,
JOURNAL OF THE AMERICAN STATISTICAL ASSOCIATION,ANNALS OF PROBABILITY,242,,,,,,,,,
JOURNAL OF THE AMERICAN STATISTICAL ASSOCIATION,ANNALS OF THE INSTITUTE OF STATISTICAL MATHEMATICS,227,,,,,,,,,
JOURNAL OF THE AMERICAN STATISTICAL ASSOCIATION,ANTI-CANCER AGENTS IN MEDICINAL CHEMISTRY,46,,,,,,,,,
JOURNAL OF THE AMERICAN STATISTICAL ASSOCIATION,APPLIED STATISTICS,49,,,,,,,,,
JOURNAL OF THE AMERICAN STATISTICAL ASSOCIATION,APPLIED STATISTICS-JOURNAL OF THE ROYAL STATISTICAL SOCIETY SERIES C,49,,,,,,,,,
JOURNAL OF THE AMERICAN STATISTICAL ASSOCIATION,ARXIV,2077,,,,,,,,,
JOURNAL OF THE AMERICAN STATISTICAL ASSOCIATION,ASTROPHYSICAL JOURNAL,72,,,,,,,,,
JOURNAL OF THE AMERICAN STATISTICAL ASSOCIATION,BAYESIAN ANALYSIS,460,,,,,,,,,
JOURNAL OF THE AMERICAN STATISTICAL ASSOCIATION,BERNOULLI,506,,,,,,,,,
JOURNAL OF THE AMERICAN STATISTICAL ASSOCIATION,BIOINFORMATICS,613,,,,,,,,,
JOURNAL OF THE AMERICAN STATISTICAL ASSOCIATION,BIOMETRICAL JOURNAL,118,,,,,,,,,
JOURNAL OF THE AMERICAN STATISTICAL ASSOCIATION,BIOMETRICS,3091,,,,,,,,,
JOURNAL OF THE AMERICAN STATISTICAL ASSOCIATION,BIOMETRIKA,5407,,,,,,,,,
JOURNAL OF THE AMERICAN STATISTICAL ASSOCIATION,"BIOSTATISTICS (OXFORD, ENGLAND)",639,,,,,,,,,
JOURNAL OF THE AMERICAN STATISTICAL ASSOCIATION,BMC BIOINFORMATICS,152,,,,,,,,,
JOURNAL OF THE AMERICAN STATISTICAL ASSOCIATION,BRAIN RESEARCH,49,,,,,,,,,
JOURNAL OF THE AMERICAN STATISTICAL ASSOCIATION,BULLETIN OF THE AMERICAN METEOROLOGICAL SOCIETY,48,,,,,,,,,
JOURNAL OF THE AMERICAN STATISTICAL ASSOCIATION,CANADIAN JOURNAL OF STATISTICS-REVUE CANADIENNE DE STATISTIQUE,358,,,,,,,,,
JOURNAL OF THE AMERICAN STATISTICAL ASSOCIATION,CANCER RESEARCH,82,,,,,,,,,
JOURNAL OF THE AMERICAN STATISTICAL ASSOCIATION,CHEMOMETRICS AND INTELLIGENT LABORATORY SYSTEMS,52,,,,,,,,,
JOURNAL OF THE AMERICAN STATISTICAL ASSOCIATION,CIRCULATION,51,,,,,,,,,
JOURNAL OF THE AMERICAN STATISTICAL ASSOCIATION,COMMUNICATIONS IN STATISTICS-SIMULATION AND COMPUTATION,107,,,,,,,,,
JOURNAL OF THE AMERICAN STATISTICAL ASSOCIATION,COMMUNICATIONS IN STATISTICS-THEORY AND METHODS,182,,,,,,,,,
JOURNAL OF THE AMERICAN STATISTICAL ASSOCIATION,COMMUNICATIONS OF THE ACM,50,,,,,,,,,
JOURNAL OF THE AMERICAN STATISTICAL ASSOCIATION,COMPUTATIONAL SOCIAL NETWORKS,99,,,,,,,,,
JOURNAL OF THE AMERICAN STATISTICAL ASSOCIATION,COMPUTATIONAL STATISTICS,99,,,,,,,,,
JOURNAL OF THE AMERICAN STATISTICAL ASSOCIATION,COMPUTATIONAL STATISTICS AND DATA ANALYSIS,725,,,,,,,,,
JOURNAL OF THE AMERICAN STATISTICAL ASSOCIATION,CONFERENCE,559,,,,,,,,,
JOURNAL OF THE AMERICAN STATISTICAL ASSOCIATION,CONTROLLED CLINICAL TRIALS,66,,,,,,,,,
JOURNAL OF THE AMERICAN STATISTICAL ASSOCIATION,CRITICAL REVIEWS IN SOLID STATE AND MATERIALS SCIENCES,62,,,,,,,,,
JOURNAL OF THE AMERICAN STATISTICAL ASSOCIATION,CYTOGENETICS,191,,,,,,,,,
JOURNAL OF THE AMERICAN STATISTICAL ASSOCIATION,DISCUSSION,52,,,,,,,,,
JOURNAL OF THE AMERICAN STATISTICAL ASSOCIATION,ECOLOGY,88,,,,,,,,,
JOURNAL OF THE AMERICAN STATISTICAL ASSOCIATION,ECONOMETRIC REVIEWS,62,,,,,,,,,
JOURNAL OF THE AMERICAN STATISTICAL ASSOCIATION,ECONOMETRIC THEORY,394,,,,,,,,,
JOURNAL OF THE AMERICAN STATISTICAL ASSOCIATION,ECONOMETRICA,1600,,,,,,,,,
JOURNAL OF THE AMERICAN STATISTICAL ASSOCIATION,ECONOMETRICS JOURNAL,113,,,,,,,,,
JOURNAL OF THE AMERICAN STATISTICAL ASSOCIATION,ECONOMICS LETTERS,40,,,,,,,,,
JOURNAL OF THE AMERICAN STATISTICAL ASSOCIATION,ELECTRONIC JOURNAL OF STATISTICS,562,,,,,,,,,
JOURNAL OF THE AMERICAN STATISTICAL ASSOCIATION,ENVIRONMENTAL AND ECOLOGICAL STATISTICS,87,,,,,,,,,
JOURNAL OF THE AMERICAN STATISTICAL ASSOCIATION,ENVIRONMENTAL HEALTH PERSPECTIVES,66,,,,,,,,,
JOURNAL OF THE AMERICAN STATISTICAL ASSOCIATION,"ENVIRONMETRICS (LONDON, ONT.)",180,,,,,,,,,
JOURNAL OF THE AMERICAN STATISTICAL ASSOCIATION,"EPIDEMIOLOGY (CAMBRIDGE, MASS.)",254,,,,,,,,,
JOURNAL OF THE AMERICAN STATISTICAL ASSOCIATION,EURASIP JOURNAL ON APPLIED SIGNAL PROCESSING,45,,,,,,,,,
JOURNAL OF THE AMERICAN STATISTICAL ASSOCIATION,FOUNDATIONS AND TRENDS IN MACHINE LEARNING,85,,,,,,,,,
JOURNAL OF THE AMERICAN STATISTICAL ASSOCIATION,GENETIC EPIDEMIOLOGY,178,,,,,,,,,
JOURNAL OF THE AMERICAN STATISTICAL ASSOCIATION,GENOME BIOLOGY,117,,,,,,,,,
JOURNAL OF THE AMERICAN STATISTICAL ASSOCIATION,GENOME RESEARCH,92,,,,,,,,,
JOURNAL OF THE AMERICAN STATISTICAL ASSOCIATION,GEOPHYSICAL RESEARCH LETTERS,68,,,,,,,,,
JOURNAL OF THE AMERICAN STATISTICAL ASSOCIATION,GRAPHICAL MODELS,48,,,,,,,,,
JOURNAL OF THE AMERICAN STATISTICAL ASSOCIATION,HUMAN BRAIN MAPPING,113,,,,,,,,,
JOURNAL OF THE AMERICAN STATISTICAL ASSOCIATION,HUMAN HEREDITY,41,,,,,,,,,
JOURNAL OF THE AMERICAN STATISTICAL ASSOCIATION,IEEE TRANSACTIONS ON AUTOMATIC CONTROL,62,,,,,,,,,
JOURNAL OF THE AMERICAN STATISTICAL ASSOCIATION,IEEE TRANSACTIONS ON IMAGE PROCESSING,41,,,,,,,,,
JOURNAL OF THE AMERICAN STATISTICAL ASSOCIATION,IEEE TRANSACTIONS ON INFORMATION THEORY,401,,,,,,,,,
JOURNAL OF THE AMERICAN STATISTICAL ASSOCIATION,IEEE TRANSACTIONS ON MEDICAL IMAGING,96,,,,,,,,,
JOURNAL OF THE AMERICAN STATISTICAL ASSOCIATION,IEEE TRANSACTIONS ON NEURAL NETWORKS,81,,,,,,,,,
JOURNAL OF THE AMERICAN STATISTICAL ASSOCIATION,IEEE TRANSACTIONS ON PATTERN ANALYSIS AND MACHINE INTELLIGENCE,224,,,,,,,,,
JOURNAL OF THE AMERICAN STATISTICAL ASSOCIATION,IEEE TRANSACTIONS ON SIGNAL PROCESSING,168,,,,,,,,,
JOURNAL OF THE AMERICAN STATISTICAL ASSOCIATION,INSURANCE MATHEMATICS AND ECONOMICS,54,,,,,,,,,
JOURNAL OF THE AMERICAN STATISTICAL ASSOCIATION,INTERNATIONAL ECONOMIC REVIEW,75,,,,,,,,,
JOURNAL OF THE AMERICAN STATISTICAL ASSOCIATION,INTERNATIONAL JOURNAL OF BIOSTATISTICS,87,,,,,,,,,
JOURNAL OF THE AMERICAN STATISTICAL ASSOCIATION,INTERNATIONAL JOURNAL OF EPIDEMIOLOGY,91,,,,,,,,,
JOURNAL OF THE AMERICAN STATISTICAL ASSOCIATION,INTERNATIONAL JOURNAL OF FORECASTING,103,,,,,,,,,
JOURNAL OF THE AMERICAN STATISTICAL ASSOCIATION,INTERNATIONAL STATISTICAL REVIEW,241,,,,,,,,,
JOURNAL OF THE AMERICAN STATISTICAL ASSOCIATION,JAMA-JOURNAL OF THE AMERICAN MEDICAL ASSOCIATION,215,,,,,,,,,
JOURNAL OF THE AMERICAN STATISTICAL ASSOCIATION,JOURNAL OF AGRICULTURAL BIOLOGICAL AND ENVIRONMENTAL STATISTICS,103,,,,,,,,,
JOURNAL OF THE AMERICAN STATISTICAL ASSOCIATION,JOURNAL OF APPLIED ECONOMETRICS,173,,,,,,,,,
JOURNAL OF THE AMERICAN STATISTICAL ASSOCIATION,JOURNAL OF APPLIED PROBABILITY,99,,,,,,,,,
JOURNAL OF THE AMERICAN STATISTICAL ASSOCIATION,JOURNAL OF APPLIED STATISTICS,111,,,,,,,,,
JOURNAL OF THE AMERICAN STATISTICAL ASSOCIATION,JOURNAL OF BIOLOGICAL CHEMISTRY,43,,,,,,,,,
JOURNAL OF THE AMERICAN STATISTICAL ASSOCIATION,JOURNAL OF BIOPHARMACEUTICAL STATISTICS,53,,,,,,,,,
JOURNAL OF THE AMERICAN STATISTICAL ASSOCIATION,JOURNAL OF BUSINESS AND ECONOMIC STATISTICS,430,,,,,,,,,
JOURNAL OF THE AMERICAN STATISTICAL ASSOCIATION,JOURNAL OF CAUSAL INFERENCE,58,,,,,,,,,
JOURNAL OF THE AMERICAN STATISTICAL ASSOCIATION,JOURNAL OF CHEMICAL PHYSICS,90,,,,,,,,,
JOURNAL OF THE AMERICAN STATISTICAL ASSOCIATION,JOURNAL OF CLASSIFICATION,96,,,,,,,,,
JOURNAL OF THE AMERICAN STATISTICAL ASSOCIATION,JOURNAL OF CLIMATE,150,,,,,,,,,
JOURNAL OF THE AMERICAN STATISTICAL ASSOCIATION,JOURNAL OF CLINICAL EPIDEMIOLOGY,60,,,,,,,,,
JOURNAL OF THE AMERICAN STATISTICAL ASSOCIATION,JOURNAL OF CLINICAL ONCOLOGY,111,,,,,,,,,
JOURNAL OF THE AMERICAN STATISTICAL ASSOCIATION,JOURNAL OF COMPUTATIONAL AND GRAPHICAL STATISTICS,1172,,,,,,,,,
JOURNAL OF THE AMERICAN STATISTICAL ASSOCIATION,JOURNAL OF COMPUTATIONAL BIOLOGY,86,,,,,,,,,
JOURNAL OF THE AMERICAN STATISTICAL ASSOCIATION,JOURNAL OF COMPUTATIONAL PHYSICS,42,,,,,,,,,
JOURNAL OF THE AMERICAN STATISTICAL ASSOCIATION,JOURNAL OF ECONOMETRICS,1402,,,,,,,,,
JOURNAL OF THE AMERICAN STATISTICAL ASSOCIATION,JOURNAL OF ECONOMIC LITERATURE,41,,,,,,,,,
JOURNAL OF THE AMERICAN STATISTICAL ASSOCIATION,JOURNAL OF EDUCATIONAL AND BEHAVIORAL STATISTICS,90,,,,,,,,,
JOURNAL OF THE AMERICAN STATISTICAL ASSOCIATION,JOURNAL OF EDUCATIONAL PSYCHOLOGY,142,,,,,,,,,
JOURNAL OF THE AMERICAN STATISTICAL ASSOCIATION,JOURNAL OF FINANCE,174,,,,,,,,,
JOURNAL OF THE AMERICAN STATISTICAL ASSOCIATION,JOURNAL OF FINANCIAL ECONOMETRICS,69,,,,,,,,,
JOURNAL OF THE AMERICAN STATISTICAL ASSOCIATION,JOURNAL OF FINANCIAL ECONOMICS,111,,,,,,,,,
JOURNAL OF THE AMERICAN STATISTICAL ASSOCIATION,JOURNAL OF FORECASTING,47,,,,,,,,,
JOURNAL OF THE AMERICAN STATISTICAL ASSOCIATION,JOURNAL OF GEOPHYSICAL RESEARCH-ATMOSPHERES,50,,,,,,,,,
JOURNAL OF THE AMERICAN STATISTICAL ASSOCIATION,JOURNAL OF HUMAN RESOURCES,55,,,,,,,,,
JOURNAL OF THE AMERICAN STATISTICAL ASSOCIATION,JOURNAL OF INFECTIOUS DISEASES,43,,,,,,,,,
JOURNAL OF THE AMERICAN STATISTICAL ASSOCIATION,JOURNAL OF MACHINE LEARNING RESEARCH,1183,,,,,,,,,
JOURNAL OF THE AMERICAN STATISTICAL ASSOCIATION,JOURNAL OF MACHINE LEARNING RESEARCH : JMLR,40,,,,,,,,,
JOURNAL OF THE AMERICAN STATISTICAL ASSOCIATION,JOURNAL OF MAMMALOGY,81,,,,,,,,,
JOURNAL OF THE AMERICAN STATISTICAL ASSOCIATION,JOURNAL OF MARKETING RESEARCH,47,,,,,,,,,
JOURNAL OF THE AMERICAN STATISTICAL ASSOCIATION,JOURNAL OF MULTIVARIATE ANALYSIS,930,,,,,,,,,
JOURNAL OF THE AMERICAN STATISTICAL ASSOCIATION,JOURNAL OF NONPARAMETRIC STATISTICS,169,,,,,,,,,
JOURNAL OF THE AMERICAN STATISTICAL ASSOCIATION,JOURNAL OF OFFICIAL STATISTICS,117,,,,,,,,,
JOURNAL OF THE AMERICAN STATISTICAL ASSOCIATION,JOURNAL OF POLITICAL ECONOMY,43,,,,,,,,,
JOURNAL OF THE AMERICAN STATISTICAL ASSOCIATION,JOURNAL OF QUALITY TECHNOLOGY,68,,,,,,,,,
JOURNAL OF THE AMERICAN STATISTICAL ASSOCIATION,JOURNAL OF STATISTICAL COMPUTATION AND SIMULATION,128,,,,,,,,,
JOURNAL OF THE AMERICAN STATISTICAL ASSOCIATION,JOURNAL OF STATISTICAL PLANNING AND INFERENCE,799,,,,,,,,,
JOURNAL OF THE AMERICAN STATISTICAL ASSOCIATION,JOURNAL OF STATISTICAL SOFTWARE,319,,,,,,,,,
JOURNAL OF THE AMERICAN STATISTICAL ASSOCIATION,JOURNAL OF THE NATIONAL CANCER INSTITUTE,76,,,,,,,,,
JOURNAL OF THE AMERICAN STATISTICAL ASSOCIATION,JOURNAL OF THE ROYAL STATISTICAL SOCIETY,45,,,,,,,,,
JOURNAL OF THE AMERICAN STATISTICAL ASSOCIATION,JOURNAL OF THE ROYAL STATISTICAL SOCIETY SERIES A-GENERAL,60,,,,,,,,,
JOURNAL OF THE AMERICAN STATISTICAL ASSOCIATION,JOURNAL OF THE ROYAL STATISTICAL SOCIETY SERIES A-STATISTICS IN SOCIETY,357,,,,,,,,,
JOURNAL OF THE AMERICAN STATISTICAL ASSOCIATION,JOURNAL OF THE ROYAL STATISTICAL SOCIETY SERIES B-STATISTICAL METHODOLOGY,5122,,,,,,,,,
JOURNAL OF THE AMERICAN STATISTICAL ASSOCIATION,JOURNAL OF THE ROYAL STATISTICAL SOCIETY SERIES C-APPLIED STATISTICS,495,,,,,,,,,
JOURNAL OF THE AMERICAN STATISTICAL ASSOCIATION,JOURNAL OF THE ROYAL STATISTICAL SOCIETY SERIES D-THE STATISTICIAN,48,,,,,,,,,
JOURNAL OF THE AMERICAN STATISTICAL ASSOCIATION,JOURNAL OF TIME SERIES ANALYSIS,261,,,,,,,,,
JOURNAL OF THE AMERICAN STATISTICAL ASSOCIATION,LANCET,134,,,,,,,,,
JOURNAL OF THE AMERICAN STATISTICAL ASSOCIATION,LECTURE NOTES IN STATISTICS,53,,,,,,,,,
JOURNAL OF THE AMERICAN STATISTICAL ASSOCIATION,LIFETIME DATA ANALYSIS,137,,,,,,,,,
JOURNAL OF THE AMERICAN STATISTICAL ASSOCIATION,MACHINE LEARNING,288,,,,,,,,,
JOURNAL OF THE AMERICAN STATISTICAL ASSOCIATION,MAGNETIC RESONANCE IN MEDICINE,80,,,,,,,,,
JOURNAL OF THE AMERICAN STATISTICAL ASSOCIATION,MANAGEMENT SCIENCE,92,,,,,,,,,
JOURNAL OF THE AMERICAN STATISTICAL ASSOCIATION,MANUAL,75,,,,,,,,,
JOURNAL OF THE AMERICAN STATISTICAL ASSOCIATION,MARKETING SCIENCE,51,,,,,,,,,
JOURNAL OF THE AMERICAN STATISTICAL ASSOCIATION,MATHEMATICAL BIOSCIENCES,45,,,,,,,,,
JOURNAL OF THE AMERICAN STATISTICAL ASSOCIATION,MATHEMATICAL GEOLOGY,47,,,,,,,,,
JOURNAL OF THE AMERICAN STATISTICAL ASSOCIATION,MATHEMATICAL METHODS OF STATISTICS,61,,,,,,,,,
JOURNAL OF THE AMERICAN STATISTICAL ASSOCIATION,MATHEMATICAL MODELLING,43,,,,,,,,,
JOURNAL OF THE AMERICAN STATISTICAL ASSOCIATION,MATHEMATICAL PROGRAMMING,72,,,,,,,,,
JOURNAL OF THE AMERICAN STATISTICAL ASSOCIATION,MEDICAL CARE,48,,,,,,,,,
JOURNAL OF THE AMERICAN STATISTICAL ASSOCIATION,METRIKA,60,,,,,,,,,
JOURNAL OF THE AMERICAN STATISTICAL ASSOCIATION,MOLECULAR BIOLOGY AND EVOLUTION,56,,,,,,,,,
JOURNAL OF THE AMERICAN STATISTICAL ASSOCIATION,MONTHLY WEATHER REVIEW,111,,,,,,,,,
JOURNAL OF THE AMERICAN STATISTICAL ASSOCIATION,"NATURE (LONDON, UNITED KINGDOM)",511,,,,,,,,,
JOURNAL OF THE AMERICAN STATISTICAL ASSOCIATION,NATURE BIOTECHNOLOGY,70,,,,,,,,,
JOURNAL OF THE AMERICAN STATISTICAL ASSOCIATION,NATURE COMMUNICATIONS,87,,,,,,,,,
JOURNAL OF THE AMERICAN STATISTICAL ASSOCIATION,NATURE GENETICS,328,,,,,,,,,
JOURNAL OF THE AMERICAN STATISTICAL ASSOCIATION,NATURE MEDICINE,43,,,,,,,,,
JOURNAL OF THE AMERICAN STATISTICAL ASSOCIATION,NATURE METHODS,92,,,,,,,,,
JOURNAL OF THE AMERICAN STATISTICAL ASSOCIATION,NATURE NEUROSCIENCE,50,,,,,,,,,
JOURNAL OF THE AMERICAN STATISTICAL ASSOCIATION,NATURE REVIEWS GENETICS,98,,,,,,,,,
JOURNAL OF THE AMERICAN STATISTICAL ASSOCIATION,NEURAL COMPUTATION,143,,,,,,,,,
JOURNAL OF THE AMERICAN STATISTICAL ASSOCIATION,NEUROIMAGE,586,,,,,,,,,
JOURNAL OF THE AMERICAN STATISTICAL ASSOCIATION,NEUROLOGY,42,,,,,,,,,
JOURNAL OF THE AMERICAN STATISTICAL ASSOCIATION,NEURON,45,,,,,,,,,
JOURNAL OF THE AMERICAN STATISTICAL ASSOCIATION,"NEUROSCIENCE (AMSTERDAM, NETHERLANDS)",518,,,,,,,,,
JOURNAL OF THE AMERICAN STATISTICAL ASSOCIATION,NEW ENGLAND JOURNAL OF MEDICINE,311,,,,,,,,,
JOURNAL OF THE AMERICAN STATISTICAL ASSOCIATION,NUCLEIC ACIDS RESEARCH,191,,,,,,,,,
JOURNAL OF THE AMERICAN STATISTICAL ASSOCIATION,NUMERISCHE MATHEMATIK,46,,,,,,,,,
JOURNAL OF THE AMERICAN STATISTICAL ASSOCIATION,OPERATIONS RESEARCH,72,,,,,,,,,
JOURNAL OF THE AMERICAN STATISTICAL ASSOCIATION,PARISANKHYAN SAMIKKHA,44,,,,,,,,,
JOURNAL OF THE AMERICAN STATISTICAL ASSOCIATION,PATTERN RECOGNITION,43,,,,,,,,,
JOURNAL OF THE AMERICAN STATISTICAL ASSOCIATION,PHYSICAL REVIEW E,106,,,,,,,,,
JOURNAL OF THE AMERICAN STATISTICAL ASSOCIATION,PHYSICAL REVIEW LETTERS,68,,,,,,,,,
JOURNAL OF THE AMERICAN STATISTICAL ASSOCIATION,PLOS COMPUTATIONAL BIOLOGY,80,,,,,,,,,
JOURNAL OF THE AMERICAN STATISTICAL ASSOCIATION,PLOS GENETICS,105,,,,,,,,,
JOURNAL OF THE AMERICAN STATISTICAL ASSOCIATION,PLOS ONE,208,,,,,,,,,
JOURNAL OF THE AMERICAN STATISTICAL ASSOCIATION,POLITICAL ANALYSIS,97,,,,,,,,,
JOURNAL OF THE AMERICAN STATISTICAL ASSOCIATION,PROBABILITY THEORY AND RELATED FIELDS,146,,,,,,,,,
JOURNAL OF THE AMERICAN STATISTICAL ASSOCIATION,PROCEEDING,2197,,,,,,,,,
JOURNAL OF THE AMERICAN STATISTICAL ASSOCIATION,PSYCHOLOGICAL METHODS,70,,,,,,,,,
JOURNAL OF THE AMERICAN STATISTICAL ASSOCIATION,PSYCHOMETRIKA,254,,,,,,,,,
JOURNAL OF THE AMERICAN STATISTICAL ASSOCIATION,PUBLIC OPINION QUARTERLY,57,,,,,,,,,
JOURNAL OF THE AMERICAN STATISTICAL ASSOCIATION,QUARTERLY JOURNAL OF ECONOMICS,74,,,,,,,,,
JOURNAL OF THE AMERICAN STATISTICAL ASSOCIATION,QUARTERLY JOURNAL OF THE ROYAL METEOROLOGICAL SOCIETY,41,,,,,,,,,
JOURNAL OF THE AMERICAN STATISTICAL ASSOCIATION,R PACKAGE,128,,,,,,,,,
JOURNAL OF THE AMERICAN STATISTICAL ASSOCIATION,REPORT,618,,,,,,,,,
JOURNAL OF THE AMERICAN STATISTICAL ASSOCIATION,REVIEW OF ECONOMIC STUDIES,168,,,,,,,,,
JOURNAL OF THE AMERICAN STATISTICAL ASSOCIATION,REVIEW OF ECONOMICS AND STATISTICS,206,,,,,,,,,
JOURNAL OF THE AMERICAN STATISTICAL ASSOCIATION,REVIEW OF FINANCIAL STUDIES,87,,,,,,,,,
JOURNAL OF THE AMERICAN STATISTICAL ASSOCIATION,SANKHYA-THE INDIAN JOURNAL OF STATISTICS SERIES A,41,,,,,,,,,
JOURNAL OF THE AMERICAN STATISTICAL ASSOCIATION,SCANDINAVIAN JOURNAL OF STATISTICS,606,,,,,,,,,
JOURNAL OF THE AMERICAN STATISTICAL ASSOCIATION,SCIENTIFIC REPORTS,69,,,,,,,,,
JOURNAL OF THE AMERICAN STATISTICAL ASSOCIATION,SIAM JOURNAL ON MATRIX ANALYSIS AND APPLICATIONS,65,,,,,,,,,
JOURNAL OF THE AMERICAN STATISTICAL ASSOCIATION,SIAM JOURNAL ON NUMERICAL ANALYSIS,41,,,,,,,,,
JOURNAL OF THE AMERICAN STATISTICAL ASSOCIATION,SIAM JOURNAL ON OPTIMIZATION,63,,,,,,,,,
JOURNAL OF THE AMERICAN STATISTICAL ASSOCIATION,SIAM JOURNAL ON SCIENTIFIC COMPUTING,83,,,,,,,,,
JOURNAL OF THE AMERICAN STATISTICAL ASSOCIATION,SIAM REVIEW,120,,,,,,,,,
JOURNAL OF THE AMERICAN STATISTICAL ASSOCIATION,SPATIAL STATISTICS,61,,,,,,,,,
JOURNAL OF THE AMERICAN STATISTICAL ASSOCIATION,STATISTICA NEERLANDICA,90,,,,,,,,,
JOURNAL OF THE AMERICAN STATISTICAL ASSOCIATION,STATISTICA SINICA,1395,,,,,,,,,
JOURNAL OF THE AMERICAN STATISTICAL ASSOCIATION,STATISTICAL APPLICATIONS IN GENETICS AND MOLECULAR BIOLOGY,100,,,,,,,,,
JOURNAL OF THE AMERICAN STATISTICAL ASSOCIATION,STATISTICAL METHODS IN MEDICAL RESEARCH,181,,,,,,,,,
JOURNAL OF THE AMERICAN STATISTICAL ASSOCIATION,STATISTICAL MODELLING,89,,,,,,,,,
JOURNAL OF THE AMERICAN STATISTICAL ASSOCIATION,STATISTICAL SCIENCE,1176,,,,,,,,,
JOURNAL OF THE AMERICAN STATISTICAL ASSOCIATION,STATISTICS,72,,,,,,,,,
JOURNAL OF THE AMERICAN STATISTICAL ASSOCIATION,STATISTICS AND COMPUTING,468,,,,,,,,,
JOURNAL OF THE AMERICAN STATISTICAL ASSOCIATION,STATISTICS AND ITS INTERFACE,75,,,,,,,,,
JOURNAL OF THE AMERICAN STATISTICAL ASSOCIATION,"STATISTICS FOR HIGH-DIMENSIONAL DATA: METHODS, THEORY AND APPLICATIONS",46,,,,,,,,,
JOURNAL OF THE AMERICAN STATISTICAL ASSOCIATION,STATISTICS IN BIOSCIENCES,45,,,,,,,,,
JOURNAL OF THE AMERICAN STATISTICAL ASSOCIATION,STATISTICS IN MEDICINE,1514,,,,,,,,,
JOURNAL OF THE AMERICAN STATISTICAL ASSOCIATION,STOCHASTIC PROCESSES AND THEIR APPLICATIONS,147,,,,,,,,,
JOURNAL OF THE AMERICAN STATISTICAL ASSOCIATION,SURVEY METHODOLOGY,142,,,,,,,,,
JOURNAL OF THE AMERICAN STATISTICAL ASSOCIATION,SYNTHESIS,52,,,,,,,,,
JOURNAL OF THE AMERICAN STATISTICAL ASSOCIATION,SYSTEMATIC BIOLOGY,40,,,,,,,,,
JOURNAL OF THE AMERICAN STATISTICAL ASSOCIATION,TECHNOMETRICS,781,,,,,,,,,
JOURNAL OF THE AMERICAN STATISTICAL ASSOCIATION,THE ANNALS OF STATISTICS,8748,,,,,,,,,
JOURNAL OF THE AMERICAN STATISTICAL ASSOCIATION,THEORY OF PROBABILITY AND ITS APPLICATIONS,50,,,,,,,,,
JOURNAL OF THE AMERICAN STATISTICAL ASSOCIATION,THESIS,273,,,,,,,,,
JOURNAL OF THE AMERICAN STATISTICAL ASSOCIATION,TRANSACTIONS OF THE AMERICAN MATHEMATICAL SOCIETY,51,,,,,,,,,
JOURNAL OF THE AMERICAN STATISTICAL ASSOCIATION,WATER RESOURCES RESEARCH,49,,,,,,,,,
JOURNAL OF THE AMERICAN STATISTICAL ASSOCIATION,WEATHER AND CLIMATE EXTREMES,80,,,,,,,,,
JOURNAL OF THE AMERICAN STATISTICAL ASSOCIATION,WORKING PAPER,229,,,,,,,,,
JOURNAL OF THE AMERICAN STATISTICAL ASSOCIATION,WORKSHOP,62,,,,,,,,,
JOURNAL OF THE AMERICAN STATISTICAL ASSOCIATION,ZEITSCHRIFT FUR WAHRSCHEINLICHKEITSTHEORIE UND VERWANDTE GEBIETE,73,,,,,,,,,
JOURNAL OF THE AMERICAN STATISTICAL ASSOCIATION,JOURNAL OF NEUROSCIENCE METHODS,57,,,,,,,,,
JOURNAL OF THE ROYAL STATISTICAL SOCIETY SERIES B-STATISTICAL METHODOLOGY,ADVANCES IN APPLIED PROBABILITY,84,,,,,,,,,
JOURNAL OF THE ROYAL STATISTICAL SOCIETY SERIES B-STATISTICAL METHODOLOGY,ADVANCES IN NEURAL INFORMATION PROCESSING SYSTEMS,169,,,,,,,,,
JOURNAL OF THE ROYAL STATISTICAL SOCIETY SERIES B-STATISTICAL METHODOLOGY,AMERICAN ECONOMIC REVIEW,42,,,,,,,,,
JOURNAL OF THE ROYAL STATISTICAL SOCIETY SERIES B-STATISTICAL METHODOLOGY,AMERICAN JOURNAL OF EPIDEMIOLOGY,94,,,,,,,,,
JOURNAL OF THE ROYAL STATISTICAL SOCIETY SERIES B-STATISTICAL METHODOLOGY,AMERICAN JOURNAL OF HUMAN GENETICS,42,,,,,,,,,
JOURNAL OF THE ROYAL STATISTICAL SOCIETY SERIES B-STATISTICAL METHODOLOGY,AMERICAN JOURNAL OF PHYSIOLOGY. GASTROINTESTINAL AND LIVER PHYSIOLOGY,76,,,,,,,,,
JOURNAL OF THE ROYAL STATISTICAL SOCIETY SERIES B-STATISTICAL METHODOLOGY,AMERICAN STATISTICIAN,119,,,,,,,,,
JOURNAL OF THE ROYAL STATISTICAL SOCIETY SERIES B-STATISTICAL METHODOLOGY,ANNALS OF APPLIED PROBABILITY,114,,,,,,,,,
JOURNAL OF THE ROYAL STATISTICAL SOCIETY SERIES B-STATISTICAL METHODOLOGY,ANNALS OF APPLIED STATISTICS,280,,,,,,,,,
JOURNAL OF THE ROYAL STATISTICAL SOCIETY SERIES B-STATISTICAL METHODOLOGY,ANNALS OF MATHEMATICAL STATISTICS,329,,,,,,,,,
JOURNAL OF THE ROYAL STATISTICAL SOCIETY SERIES B-STATISTICAL METHODOLOGY,ANNALS OF PROBABILITY,141,,,,,,,,,
JOURNAL OF THE ROYAL STATISTICAL SOCIETY SERIES B-STATISTICAL METHODOLOGY,ANNALS OF THE INSTITUTE OF STATISTICAL MATHEMATICS,122,,,,,,,,,
JOURNAL OF THE ROYAL STATISTICAL SOCIETY SERIES B-STATISTICAL METHODOLOGY,ARXIV,964,,,,,,,,,
JOURNAL OF THE ROYAL STATISTICAL SOCIETY SERIES B-STATISTICAL METHODOLOGY,BAYESIAN ANALYSIS,121,,,,,,,,,
JOURNAL OF THE ROYAL STATISTICAL SOCIETY SERIES B-STATISTICAL METHODOLOGY,BERNOULLI,313,,,,,,,,,
JOURNAL OF THE ROYAL STATISTICAL SOCIETY SERIES B-STATISTICAL METHODOLOGY,BIOINFORMATICS,153,,,,,,,,,
JOURNAL OF THE ROYAL STATISTICAL SOCIETY SERIES B-STATISTICAL METHODOLOGY,BIOMETRICAL JOURNAL,48,,,,,,,,,
JOURNAL OF THE ROYAL STATISTICAL SOCIETY SERIES B-STATISTICAL METHODOLOGY,BIOMETRICS,835,,,,,,,,,
JOURNAL OF THE ROYAL STATISTICAL SOCIETY SERIES B-STATISTICAL METHODOLOGY,BIOMETRIKA,2326,,,,,,,,,
JOURNAL OF THE ROYAL STATISTICAL SOCIETY SERIES B-STATISTICAL METHODOLOGY,"BIOSTATISTICS (OXFORD, ENGLAND)",183,,,,,,,,,
JOURNAL OF THE ROYAL STATISTICAL SOCIETY SERIES B-STATISTICAL METHODOLOGY,BMC BIOINFORMATICS,41,,,,,,,,,
JOURNAL OF THE ROYAL STATISTICAL SOCIETY SERIES B-STATISTICAL METHODOLOGY,CANADIAN JOURNAL OF STATISTICS-REVUE CANADIENNE DE STATISTIQUE,129,,,,,,,,,
JOURNAL OF THE ROYAL STATISTICAL SOCIETY SERIES B-STATISTICAL METHODOLOGY,COMMUNICATIONS IN STATISTICS-THEORY AND METHODS,91,,,,,,,,,
JOURNAL OF THE ROYAL STATISTICAL SOCIETY SERIES B-STATISTICAL METHODOLOGY,COMPUTATIONAL STATISTICS,40,,,,,,,,,
JOURNAL OF THE ROYAL STATISTICAL SOCIETY SERIES B-STATISTICAL METHODOLOGY,COMPUTATIONAL STATISTICS AND DATA ANALYSIS,239,,,,,,,,,
JOURNAL OF THE ROYAL STATISTICAL SOCIETY SERIES B-STATISTICAL METHODOLOGY,CONFERENCE,250,,,,,,,,,
JOURNAL OF THE ROYAL STATISTICAL SOCIETY SERIES B-STATISTICAL METHODOLOGY,CYTOGENETICS,65,,,,,,,,,
JOURNAL OF THE ROYAL STATISTICAL SOCIETY SERIES B-STATISTICAL METHODOLOGY,ECONOMETRIC THEORY,145,,,,,,,,,
JOURNAL OF THE ROYAL STATISTICAL SOCIETY SERIES B-STATISTICAL METHODOLOGY,ECONOMETRICA,522,,,,,,,,,
JOURNAL OF THE ROYAL STATISTICAL SOCIETY SERIES B-STATISTICAL METHODOLOGY,ECONOMETRICS JOURNAL,55,,,,,,,,,
JOURNAL OF THE ROYAL STATISTICAL SOCIETY SERIES B-STATISTICAL METHODOLOGY,ELECTRONIC JOURNAL OF STATISTICS,298,,,,,,,,,
JOURNAL OF THE ROYAL STATISTICAL SOCIETY SERIES B-STATISTICAL METHODOLOGY,"ENVIRONMETRICS (LONDON, ONT.)",66,,,,,,,,,
JOURNAL OF THE ROYAL STATISTICAL SOCIETY SERIES B-STATISTICAL METHODOLOGY,"EPIDEMIOLOGY (CAMBRIDGE, MASS.)",126,,,,,,,,,
JOURNAL OF THE ROYAL STATISTICAL SOCIETY SERIES B-STATISTICAL METHODOLOGY,IEEE TRANSACTIONS ON INFORMATION THEORY,198,,,,,,,,,
JOURNAL OF THE ROYAL STATISTICAL SOCIETY SERIES B-STATISTICAL METHODOLOGY,IEEE TRANSACTIONS ON PATTERN ANALYSIS AND MACHINE INTELLIGENCE,88,,,,,,,,,
JOURNAL OF THE ROYAL STATISTICAL SOCIETY SERIES B-STATISTICAL METHODOLOGY,IEEE TRANSACTIONS ON SIGNAL PROCESSING,58,,,,,,,,,
JOURNAL OF THE ROYAL STATISTICAL SOCIETY SERIES B-STATISTICAL METHODOLOGY,INTERNATIONAL JOURNAL OF BIOSTATISTICS,43,,,,,,,,,
JOURNAL OF THE ROYAL STATISTICAL SOCIETY SERIES B-STATISTICAL METHODOLOGY,INTERNATIONAL JOURNAL OF EPIDEMIOLOGY,52,,,,,,,,,
JOURNAL OF THE ROYAL STATISTICAL SOCIETY SERIES B-STATISTICAL METHODOLOGY,INTERNATIONAL STATISTICAL REVIEW,122,,,,,,,,,
JOURNAL OF THE ROYAL STATISTICAL SOCIETY SERIES B-STATISTICAL METHODOLOGY,JOURNAL OF APPLIED ECONOMETRICS,52,,,,,,,,,
JOURNAL OF THE ROYAL STATISTICAL SOCIETY SERIES B-STATISTICAL METHODOLOGY,JOURNAL OF APPLIED PROBABILITY,88,,,,,,,,,
JOURNAL OF THE ROYAL STATISTICAL SOCIETY SERIES B-STATISTICAL METHODOLOGY,JOURNAL OF APPLIED STATISTICS,47,,,,,,,,,
JOURNAL OF THE ROYAL STATISTICAL SOCIETY SERIES B-STATISTICAL METHODOLOGY,JOURNAL OF BUSINESS AND ECONOMIC STATISTICS,127,,,,,,,,,
JOURNAL OF THE ROYAL STATISTICAL SOCIETY SERIES B-STATISTICAL METHODOLOGY,JOURNAL OF COMPUTATIONAL AND GRAPHICAL STATISTICS,388,,,,,,,,,
JOURNAL OF THE ROYAL STATISTICAL SOCIETY SERIES B-STATISTICAL METHODOLOGY,JOURNAL OF ECONOMETRICS,378,,,,,,,,,
JOURNAL OF THE ROYAL STATISTICAL SOCIETY SERIES B-STATISTICAL METHODOLOGY,JOURNAL OF EDUCATIONAL PSYCHOLOGY,50,,,,,,,,,
JOURNAL OF THE ROYAL STATISTICAL SOCIETY SERIES B-STATISTICAL METHODOLOGY,JOURNAL OF MACHINE LEARNING RESEARCH,491,,,,,,,,,
JOURNAL OF THE ROYAL STATISTICAL SOCIETY SERIES B-STATISTICAL METHODOLOGY,JOURNAL OF MAMMALOGY,42,,,,,,,,,
JOURNAL OF THE ROYAL STATISTICAL SOCIETY SERIES B-STATISTICAL METHODOLOGY,JOURNAL OF MULTIVARIATE ANALYSIS,391,,,,,,,,,
JOURNAL OF THE ROYAL STATISTICAL SOCIETY SERIES B-STATISTICAL METHODOLOGY,JOURNAL OF NONPARAMETRIC STATISTICS,69,,,,,,,,,
JOURNAL OF THE ROYAL STATISTICAL SOCIETY SERIES B-STATISTICAL METHODOLOGY,JOURNAL OF STATISTICAL COMPUTATION AND SIMULATION,60,,,,,,,,,
JOURNAL OF THE ROYAL STATISTICAL SOCIETY SERIES B-STATISTICAL METHODOLOGY,JOURNAL OF STATISTICAL PLANNING AND INFERENCE,351,,,,,,,,,
JOURNAL OF THE ROYAL STATISTICAL SOCIETY SERIES B-STATISTICAL METHODOLOGY,JOURNAL OF STATISTICAL SOFTWARE,130,,,,,,,,,
JOURNAL OF THE ROYAL STATISTICAL SOCIETY SERIES B-STATISTICAL METHODOLOGY,JOURNAL OF THE AMERICAN STATISTICAL ASSOCIATION,3620,,,,,,,,,
JOURNAL OF THE ROYAL STATISTICAL SOCIETY SERIES B-STATISTICAL METHODOLOGY,JOURNAL OF THE ROYAL STATISTICAL SOCIETY SERIES A-STATISTICS IN SOCIETY,126,,,,,,,,,
JOURNAL OF THE ROYAL STATISTICAL SOCIETY SERIES B-STATISTICAL METHODOLOGY,JOURNAL OF THE ROYAL STATISTICAL SOCIETY SERIES C-APPLIED STATISTICS,177,,,,,,,,,
JOURNAL OF THE ROYAL STATISTICAL SOCIETY SERIES B-STATISTICAL METHODOLOGY,JOURNAL OF TIME SERIES ANALYSIS,161,,,,,,,,,
JOURNAL OF THE ROYAL STATISTICAL SOCIETY SERIES B-STATISTICAL METHODOLOGY,LIFETIME DATA ANALYSIS,46,,,,,,,,,
JOURNAL OF THE ROYAL STATISTICAL SOCIETY SERIES B-STATISTICAL METHODOLOGY,MACHINE LEARNING,105,,,,,,,,,
JOURNAL OF THE ROYAL STATISTICAL SOCIETY SERIES B-STATISTICAL METHODOLOGY,"NATURE (LONDON, UNITED KINGDOM)",90,,,,,,,,,
JOURNAL OF THE ROYAL STATISTICAL SOCIETY SERIES B-STATISTICAL METHODOLOGY,NATURE GENETICS,55,,,,,,,,,
JOURNAL OF THE ROYAL STATISTICAL SOCIETY SERIES B-STATISTICAL METHODOLOGY,NEURAL COMPUTATION,49,,,,,,,,,
JOURNAL OF THE ROYAL STATISTICAL SOCIETY SERIES B-STATISTICAL METHODOLOGY,NEUROIMAGE,110,,,,,,,,,
JOURNAL OF THE ROYAL STATISTICAL SOCIETY SERIES B-STATISTICAL METHODOLOGY,"NEUROSCIENCE (AMSTERDAM, NETHERLANDS)",105,,,,,,,,,
JOURNAL OF THE ROYAL STATISTICAL SOCIETY SERIES B-STATISTICAL METHODOLOGY,NEW ENGLAND JOURNAL OF MEDICINE,65,,,,,,,,,
JOURNAL OF THE ROYAL STATISTICAL SOCIETY SERIES B-STATISTICAL METHODOLOGY,PHYSICAL REVIEW E,46,,,,,,,,,
JOURNAL OF THE ROYAL STATISTICAL SOCIETY SERIES B-STATISTICAL METHODOLOGY,PLOS ONE,44,,,,,,,,,
JOURNAL OF THE ROYAL STATISTICAL SOCIETY SERIES B-STATISTICAL METHODOLOGY,PREPRINT,47,,,,,,,,,
JOURNAL OF THE ROYAL STATISTICAL SOCIETY SERIES B-STATISTICAL METHODOLOGY,PROBABILITY THEORY AND RELATED FIELDS,96,,,,,,,,,
JOURNAL OF THE ROYAL STATISTICAL SOCIETY SERIES B-STATISTICAL METHODOLOGY,PROCEEDING,768,,,,,,,,,
JOURNAL OF THE ROYAL STATISTICAL SOCIETY SERIES B-STATISTICAL METHODOLOGY,PSYCHOMETRIKA,73,,,,,,,,,
JOURNAL OF THE ROYAL STATISTICAL SOCIETY SERIES B-STATISTICAL METHODOLOGY,R PACKAGE,81,,,,,,,,,
JOURNAL OF THE ROYAL STATISTICAL SOCIETY SERIES B-STATISTICAL METHODOLOGY,REPORT,215,,,,,,,,,
JOURNAL OF THE ROYAL STATISTICAL SOCIETY SERIES B-STATISTICAL METHODOLOGY,REVIEW OF ECONOMIC STUDIES,62,,,,,,,,,
JOURNAL OF THE ROYAL STATISTICAL SOCIETY SERIES B-STATISTICAL METHODOLOGY,REVIEW OF ECONOMICS AND STATISTICS,47,,,,,,,,,
JOURNAL OF THE ROYAL STATISTICAL SOCIETY SERIES B-STATISTICAL METHODOLOGY,SCANDINAVIAN JOURNAL OF STATISTICS,325,,,,,,,,,
JOURNAL OF THE ROYAL STATISTICAL SOCIETY SERIES B-STATISTICAL METHODOLOGY,SIAM REVIEW,58,,,,,,,,,
JOURNAL OF THE ROYAL STATISTICAL SOCIETY SERIES B-STATISTICAL METHODOLOGY,STATISTICA NEERLANDICA,42,,,,,,,,,
JOURNAL OF THE ROYAL STATISTICAL SOCIETY SERIES B-STATISTICAL METHODOLOGY,STATISTICA SINICA,481,,,,,,,,,
JOURNAL OF THE ROYAL STATISTICAL SOCIETY SERIES B-STATISTICAL METHODOLOGY,STATISTICAL METHODS IN MEDICAL RESEARCH,65,,,,,,,,,
JOURNAL OF THE ROYAL STATISTICAL SOCIETY SERIES B-STATISTICAL METHODOLOGY,STATISTICAL SCIENCE,493,,,,,,,,,
JOURNAL OF THE ROYAL STATISTICAL SOCIETY SERIES B-STATISTICAL METHODOLOGY,STATISTICS AND COMPUTING,202,,,,,,,,,
JOURNAL OF THE ROYAL STATISTICAL SOCIETY SERIES B-STATISTICAL METHODOLOGY,STATISTICS IN MEDICINE,418,,,,,,,,,
JOURNAL OF THE ROYAL STATISTICAL SOCIETY SERIES B-STATISTICAL METHODOLOGY,STOCHASTIC PROCESSES AND THEIR APPLICATIONS,111,,,,,,,,,
JOURNAL OF THE ROYAL STATISTICAL SOCIETY SERIES B-STATISTICAL METHODOLOGY,SURVEY METHODOLOGY,44,,,,,,,,,
JOURNAL OF THE ROYAL STATISTICAL SOCIETY SERIES B-STATISTICAL METHODOLOGY,TECHNOMETRICS,235,,,,,,,,,
JOURNAL OF THE ROYAL STATISTICAL SOCIETY SERIES B-STATISTICAL METHODOLOGY,THE ANNALS OF STATISTICS,3650,,,,,,,,,
JOURNAL OF THE ROYAL STATISTICAL SOCIETY SERIES B-STATISTICAL METHODOLOGY,THESIS,124,,,,,,,,,
JOURNAL OF THE ROYAL STATISTICAL SOCIETY SERIES B-STATISTICAL METHODOLOGY,WEATHER AND CLIMATE EXTREMES,70,,,,,,,,,
JOURNAL OF THE ROYAL STATISTICAL SOCIETY SERIES B-STATISTICAL METHODOLOGY,WORKING PAPER,56,,,,,,,,,
STATISTICS AND COMPUTING,ACM TRANSACTIONS ON MATHEMATICAL SOFTWARE,62,,,,,,,,,
STATISTICS AND COMPUTING,ACM TRANSACTIONS ON MODELING AND COMPUTER SIMULATION,47,,,,,,,,,
STATISTICS AND COMPUTING,ACTA NUMERICA,47,,,,,,,,,
STATISTICS AND COMPUTING,ADVANCES IN APPLIED PROBABILITY,118,,,,,,,,,
STATISTICS AND COMPUTING,ADVANCES IN DATA ANALYSIS AND CLASSIFICATION,107,,,,,,,,,
STATISTICS AND COMPUTING,ADVANCES IN NEURAL INFORMATION PROCESSING SYSTEMS,273,,,,,,,,,
STATISTICS AND COMPUTING,AMERICAN JOURNAL OF PHYSIOLOGY. GASTROINTESTINAL AND LIVER PHYSIOLOGY,103,,,,,,,,,
STATISTICS AND COMPUTING,AMERICAN STATISTICIAN,211,,,,,,,,,
STATISTICS AND COMPUTING,ANNALS OF APPLIED PROBABILITY,259,,,,,,,,,
STATISTICS AND COMPUTING,ANNALS OF APPLIED STATISTICS,307,,,,,,,,,
STATISTICS AND COMPUTING,ANNALS OF MATHEMATICAL STATISTICS,360,,,,,,,,,
STATISTICS AND COMPUTING,ANNALS OF PROBABILITY,63,,,,,,,,,
STATISTICS AND COMPUTING,ANNALS OF THE INSTITUTE OF STATISTICAL MATHEMATICS,159,,,,,,,,,
STATISTICS AND COMPUTING,ARXIV,1440,,,,,,,,,
STATISTICS AND COMPUTING,ASTA-ADVANCES IN STATISTICAL ANALYSIS,46,,,,,,,,,
STATISTICS AND COMPUTING,BAYESIAN ANALYSIS,351,,,,,,,,,
STATISTICS AND COMPUTING,BERNOULLI,346,,,,,,,,,
STATISTICS AND COMPUTING,BIOINFORMATICS,211,,,,,,,,,
STATISTICS AND COMPUTING,BIOMETRICAL JOURNAL,77,,,,,,,,,
STATISTICS AND COMPUTING,BIOMETRICS,741,,,,,,,,,
STATISTICS AND COMPUTING,BIOMETRIKA,1876,,,,,,,,,
STATISTICS AND COMPUTING,"BIOSTATISTICS (OXFORD, ENGLAND)",163,,,,,,,,,
STATISTICS AND COMPUTING,BMC BIOINFORMATICS,96,,,,,,,,,
STATISTICS AND COMPUTING,BRITISH JOURNAL OF MATHEMATICAL AND STATISTICAL PSYCHOLOGY,49,,,,,,,,,
STATISTICS AND COMPUTING,CANADIAN JOURNAL OF STATISTICS-REVUE CANADIENNE DE STATISTIQUE,166,,,,,,,,,
STATISTICS AND COMPUTING,CHEMOMETRICS AND INTELLIGENT LABORATORY SYSTEMS,54,,,,,,,,,
STATISTICS AND COMPUTING,COMMUNICATIONS IN STATISTICS-SIMULATION AND COMPUTATION,114,,,,,,,,,
STATISTICS AND COMPUTING,COMMUNICATIONS IN STATISTICS-THEORY AND METHODS,163,,,,,,,,,
STATISTICS AND COMPUTING,COMMUNICATIONS OF THE ACM,48,,,,,,,,,
STATISTICS AND COMPUTING,COMPUTATIONAL SOCIAL NETWORKS,46,,,,,,,,,
STATISTICS AND COMPUTING,COMPUTATIONAL STATISTICS,198,,,,,,,,,
STATISTICS AND COMPUTING,COMPUTATIONAL STATISTICS AND DATA ANALYSIS,1169,,,,,,,,,
STATISTICS AND COMPUTING,COMPUTER JOURNAL,53,,,,,,,,,
STATISTICS AND COMPUTING,CONFERENCE,580,,,,,,,,,
STATISTICS AND COMPUTING,CYTOGENETICS,114,,,,,,,,,
STATISTICS AND COMPUTING,ECONOMETRIC THEORY,87,,,,,,,,,
STATISTICS AND COMPUTING,ECONOMETRICA,238,,,,,,,,,
STATISTICS AND COMPUTING,ELECTRONIC JOURNAL OF STATISTICS,241,,,,,,,,,
STATISTICS AND COMPUTING,"ENVIRONMETRICS (LONDON, ONT.)",78,,,,,,,,,
STATISTICS AND COMPUTING,EURASIP JOURNAL ON APPLIED SIGNAL PROCESSING,56,,,,,,,,,
STATISTICS AND COMPUTING,EUROPEAN JOURNAL OF OPERATIONAL RESEARCH,69,,,,,,,,,
STATISTICS AND COMPUTING,FOUNDATIONS AND TRENDS IN MACHINE LEARNING,56,,,,,,,,,
STATISTICS AND COMPUTING,GAUSSIAN PROCESSES FOR MACHINE LEARNING,54,,,,,,,,,
STATISTICS AND COMPUTING,IEEE TRANSACTIONS ON AUTOMATIC CONTROL,62,,,,,,,,,
STATISTICS AND COMPUTING,IEEE TRANSACTIONS ON IMAGE PROCESSING,57,,,,,,,,,
STATISTICS AND COMPUTING,IEEE TRANSACTIONS ON INFORMATION THEORY,184,,,,,,,,,
STATISTICS AND COMPUTING,IEEE TRANSACTIONS ON NEURAL NETWORKS,102,,,,,,,,,
STATISTICS AND COMPUTING,IEEE TRANSACTIONS ON PATTERN ANALYSIS AND MACHINE INTELLIGENCE,262,,,,,,,,,
STATISTICS AND COMPUTING,IEEE TRANSACTIONS ON SIGNAL PROCESSING,181,,,,,,,,,
STATISTICS AND COMPUTING,INSURANCE MATHEMATICS AND ECONOMICS,40,,,,,,,,,
STATISTICS AND COMPUTING,INTERNATIONAL JOURNAL OF FORECASTING,52,,,,,,,,,
STATISTICS AND COMPUTING,INTERNATIONAL STATISTICAL REVIEW,139,,,,,,,,,
STATISTICS AND COMPUTING,INVERSE PROBLEMS,73,,,,,,,,,
STATISTICS AND COMPUTING,JOURNAL OF APPLIED ECONOMETRICS,71,,,,,,,,,
STATISTICS AND COMPUTING,JOURNAL OF APPLIED PROBABILITY,143,,,,,,,,,
STATISTICS AND COMPUTING,JOURNAL OF APPLIED STATISTICS,127,,,,,,,,,
STATISTICS AND COMPUTING,JOURNAL OF BUSINESS AND ECONOMIC STATISTICS,133,,,,,,,,,
STATISTICS AND COMPUTING,JOURNAL OF CHEMICAL PHYSICS,181,,,,,,,,,
STATISTICS AND COMPUTING,JOURNAL OF CLASSIFICATION,181,,,,,,,,,
STATISTICS AND COMPUTING,JOURNAL OF COMPUTATIONAL AND APPLIED MATHEMATICS,56,,,,,,,,,
STATISTICS AND COMPUTING,JOURNAL OF COMPUTATIONAL AND GRAPHICAL STATISTICS,1098,,,,,,,,,
STATISTICS AND COMPUTING,JOURNAL OF COMPUTATIONAL PHYSICS,127,,,,,,,,,
STATISTICS AND COMPUTING,JOURNAL OF ECONOMETRICS,344,,,,,,,,,
STATISTICS AND COMPUTING,JOURNAL OF MACHINE LEARNING RESEARCH,727,,,,,,,,,
STATISTICS AND COMPUTING,JOURNAL OF MAMMALOGY,88,,,,,,,,,
STATISTICS AND COMPUTING,JOURNAL OF MULTIVARIATE ANALYSIS,432,,,,,,,,,
STATISTICS AND COMPUTING,JOURNAL OF NONPARAMETRIC STATISTICS,89,,,,,,,,,
STATISTICS AND COMPUTING,JOURNAL OF QUALITY TECHNOLOGY,58,,,,,,,,,
STATISTICS AND COMPUTING,JOURNAL OF STATISTICAL COMPUTATION AND SIMULATION,196,,,,,,,,,
STATISTICS AND COMPUTING,JOURNAL OF STATISTICAL PLANNING AND INFERENCE,390,,,,,,,,,
STATISTICS AND COMPUTING,JOURNAL OF STATISTICAL SOFTWARE,362,,,,,,,,,
STATISTICS AND COMPUTING,JOURNAL OF THE AMERICAN STATISTICAL ASSOCIATION,3314,,,,,,,,,
STATISTICS AND COMPUTING,JOURNAL OF THE ROYAL SOCIETY INTERFACE,49,,,,,,,,,
STATISTICS AND COMPUTING,JOURNAL OF THE ROYAL STATISTICAL SOCIETY SERIES A-STATISTICS IN SOCIETY,113,,,,,,,,,
STATISTICS AND COMPUTING,JOURNAL OF THE ROYAL STATISTICAL SOCIETY SERIES B-STATISTICAL METHODOLOGY,2501,,,,,,,,,
STATISTICS AND COMPUTING,JOURNAL OF THE ROYAL STATISTICAL SOCIETY SERIES C-APPLIED STATISTICS,287,,,,,,,,,
STATISTICS AND COMPUTING,JOURNAL OF THE ROYAL STATISTICAL SOCIETY SERIES D-THE STATISTICIAN,43,,,,,,,,,
STATISTICS AND COMPUTING,JOURNAL OF THE ROYAL STATISTICAL SOCIETY: SERIES B (STATISTICAL METHODOLOGY),45,,,,,,,,,
STATISTICS AND COMPUTING,JOURNAL OF TIME SERIES ANALYSIS,120,,,,,,,,,
STATISTICS AND COMPUTING,KEIO SCIENCE AND TECHNOLOGY REPORTS,41,,,,,,,,,
STATISTICS AND COMPUTING,LECTURE NOTES IN STATISTICS,42,,,,,,,,,
STATISTICS AND COMPUTING,LINEAR ALGEBRA AND ITS APPLICATIONS,49,,,,,,,,,
STATISTICS AND COMPUTING,MACHINE LEARNING,206,,,,,,,,,
STATISTICS AND COMPUTING,MATHEMATICAL PROGRAMMING,79,,,,,,,,,
STATISTICS AND COMPUTING,MATHEMATICS OF COMPUTATION,73,,,,,,,,,
STATISTICS AND COMPUTING,METHODOLOGY AND COMPUTING IN APPLIED PROBABILITY,83,,,,,,,,,
STATISTICS AND COMPUTING,METRIKA,45,,,,,,,,,
STATISTICS AND COMPUTING,MONTHLY NOTICES OF THE ROYAL ASTRONOMICAL SOCIETY,41,,,,,,,,,
STATISTICS AND COMPUTING,MONTHLY WEATHER REVIEW,49,,,,,,,,,
STATISTICS AND COMPUTING,"NATURE (LONDON, UNITED KINGDOM)",105,,,,,,,,,
STATISTICS AND COMPUTING,NEURAL COMPUTATION,154,,,,,,,,,
STATISTICS AND COMPUTING,NEUROCOMPUTING,41,,,,,,,,,
STATISTICS AND COMPUTING,NEUROIMAGE,47,,,,,,,,,
STATISTICS AND COMPUTING,"NEUROSCIENCE (AMSTERDAM, NETHERLANDS)",112,,,,,,,,,
STATISTICS AND COMPUTING,NUMERISCHE MATHEMATIK,71,,,,,,,,,
STATISTICS AND COMPUTING,OPERATIONS RESEARCH,93,,,,,,,,,
STATISTICS AND COMPUTING,PATTERN RECOGNITION,128,,,,,,,,,
STATISTICS AND COMPUTING,PATTERN RECOGNITION LETTERS,54,,,,,,,,,
STATISTICS AND COMPUTING,PHYSICAL REVIEW E,83,,,,,,,,,
STATISTICS AND COMPUTING,PHYSICAL REVIEW LETTERS,80,,,,,,,,,
STATISTICS AND COMPUTING,PHYSICS LETTERS B,42,,,,,,,,,
STATISTICS AND COMPUTING,PLOS ONE,88,,,,,,,,,
STATISTICS AND COMPUTING,PROBABILITY THEORY AND RELATED FIELDS,49,,,,,,,,,
STATISTICS AND COMPUTING,PROCEEDING,1324,,,,,,,,,
STATISTICS AND COMPUTING,PSYCHOMETRIKA,173,,,,,,,,,
STATISTICS AND COMPUTING,QUARTERLY JOURNAL OF THE ROYAL METEOROLOGICAL SOCIETY,42,,,,,,,,,
STATISTICS AND COMPUTING,R PACKAGE,195,,,,,,,,,
STATISTICS AND COMPUTING,REPORT,273,,,,,,,,,
STATISTICS AND COMPUTING,SCANDINAVIAN JOURNAL OF STATISTICS,362,,,,,,,,,
STATISTICS AND COMPUTING,SIAM JOURNAL ON MATRIX ANALYSIS AND APPLICATIONS,41,,,,,,,,,
STATISTICS AND COMPUTING,SIAM JOURNAL ON NUMERICAL ANALYSIS,102,,,,,,,,,
STATISTICS AND COMPUTING,SIAM JOURNAL ON OPTIMIZATION,89,,,,,,,,,
STATISTICS AND COMPUTING,SIAM JOURNAL ON SCIENTIFIC AND STATISTICAL COMPUTING,78,,,,,,,,,
STATISTICS AND COMPUTING,SIAM JOURNAL ON SCIENTIFIC COMPUTING,144,,,,,,,,,
STATISTICS AND COMPUTING,SIAM REVIEW,102,,,,,,,,,
STATISTICS AND COMPUTING,SPATIAL STATISTICS,44,,,,,,,,,
STATISTICS AND COMPUTING,STATISTICA NEERLANDICA,72,,,,,,,,,
STATISTICS AND COMPUTING,STATISTICA SINICA,482,,,,,,,,,
STATISTICS AND COMPUTING,STATISTICAL APPLICATIONS IN GENETICS AND MOLECULAR BIOLOGY,62,,,,,,,,,
STATISTICS AND COMPUTING,STATISTICAL METHODS IN MEDICAL RESEARCH,80,,,,,,,,,
STATISTICS AND COMPUTING,STATISTICAL MODELLING,122,,,,,,,,,
STATISTICS AND COMPUTING,STATISTICAL PAPERS,46,,,,,,,,,
STATISTICS AND COMPUTING,STATISTICAL SCIENCE,542,,,,,,,,,
STATISTICS AND COMPUTING,STATISTICS,48,,,,,,,,,
STATISTICS AND COMPUTING,STATISTICS IN MEDICINE,340,,,,,,,,,
STATISTICS AND COMPUTING,STOCHASTIC PROCESSES AND THEIR APPLICATIONS,106,,,,,,,,,
STATISTICS AND COMPUTING,SYNTHESIS,63,,,,,,,,,
STATISTICS AND COMPUTING,TECHNOMETRICS,485,,,,,,,,,
STATISTICS AND COMPUTING,THE ANNALS OF STATISTICS,2338,,,,,,,,,
STATISTICS AND COMPUTING,THESIS,179,,,,,,,,,
STATISTICS AND COMPUTING,WEATHER AND CLIMATE EXTREMES,47,,,,,,,,,
STATISTICS AND COMPUTING,WORKING PAPER,53,,,,,,,,,
STATISTICS AND COMPUTING,WORKSHOP,59,,,,,,,,,
